taxa;x;y
Asperula purpurea (L.) Ehrend.;2720316;1095844
Asperula purpurea (L.) Ehrend.;2717361;1092717
Asperula purpurea (L.) Ehrend.;2722972;1080643
Asperula purpurea (L.) Ehrend.;2722842;1080659
Asperula purpurea (L.) Ehrend.;2716654;1092527
Asperula purpurea (L.) Ehrend.;2716670;1092532
Asperula purpurea (L.) Ehrend.;2716966;1085727
Asperula purpurea (L.) Ehrend.;2716665;1092567
Asperula purpurea (L.) Ehrend.;2716701;1093295
Asperula purpurea (L.) Ehrend.;2717044;1082444
Asperula purpurea (L.) Ehrend.;2717184;1085361
Asperula purpurea (L.) Ehrend.;2716577;1085629
Asperula purpurea (L.) Ehrend.;2717555;1083408
Asperula purpurea (L.) Ehrend.;2716669;1092561
Asperula purpurea (L.) Ehrend.;2721293;1097224
Asperula purpurea (L.) Ehrend.;2716673;1093287
Asperula purpurea (L.) Ehrend.;2720944;1096030
Asperula purpurea (L.) Ehrend.;2719900;1091618
Asperula purpurea (L.) Ehrend.;2721033;1091335
Asperula purpurea (L.) Ehrend.;2720789;1095999
Asperula purpurea (L.) Ehrend.;2720974;1096779
Asperula purpurea (L.) Ehrend.;2719821;1097352
Asperula purpurea (L.) Ehrend.;2719819;1097421
Asperula purpurea (L.) Ehrend.;2720763;1095983
Asperula purpurea (L.) Ehrend.;2721128;1091322
Asperula purpurea (L.) Ehrend.;2720702;1097169
Asperula purpurea (L.) Ehrend.;2712070;1091284
Asperula purpurea (L.) Ehrend.;2720885;1096260
Asperula purpurea (L.) Ehrend.;2720468;1096484
Asperula purpurea (L.) Ehrend.;2720305;1097102
Asperula purpurea (L.) Ehrend.;2721702;1098128
Asperula purpurea (L.) Ehrend.;2720210;1097180
Asperula purpurea (L.) Ehrend.;2720737;1097097
Asperula purpurea (L.) Ehrend.;2719857;1095594
Asperula purpurea (L.) Ehrend.;2715636;1083391
Asperula purpurea (L.) Ehrend.;2711687;1090939
Asperula purpurea (L.) Ehrend.;2716652;1092635
Asperula purpurea (L.) Ehrend.;2722853;1080657
Asperula purpurea (L.) Ehrend.;2722864;1080652
Asperula purpurea (L.) Ehrend.;2716476;1092239
Asperula purpurea (L.) Ehrend.;2716688;1092602
Asperula purpurea (L.) Ehrend.;2719510;1092280
Asperula purpurea (L.) Ehrend.;2720134;1096252
Asperula purpurea (L.) Ehrend.;2719894;1096215
Asperula purpurea (L.) Ehrend.;2720230;1096332
Asperula purpurea (L.) Ehrend.;2720094;1096242
Asperula purpurea (L.) Ehrend.;2719950;1096236
Asperula purpurea (L.) Ehrend.;2721193;1088840
Asperula purpurea (L.) Ehrend.;2723024;1081028
Asperula purpurea (L.) Ehrend.;2719982;1092046
Asperula purpurea (L.) Ehrend.;2720045;1096257
Asperula purpurea (L.) Ehrend.;2719525;1092131
Asperula purpurea (L.) Ehrend.;2719602;1092029
Asperula purpurea (L.) Ehrend.;2720147;1096292
Asperula purpurea (L.) Ehrend.;2724489;1120908
Asperula purpurea (L.) Ehrend.;2720893;1096008
Asperula purpurea (L.) Ehrend.;2725031;1121375
Asperula purpurea (L.) Ehrend.;2722135;1096982
Asperula purpurea (L.) Ehrend.;2713812;1090538
Asperula purpurea (L.) Ehrend.;2716904;1092944
Asperula purpurea (L.) Ehrend.;2713889;1090560
Asperula purpurea (L.) Ehrend.;2716962;1092862
Asperula purpurea (L.) Ehrend.;2721680;1098172
Asperula purpurea (L.) Ehrend.;2722084;1100683
Asperula purpurea (L.) Ehrend.;2713613;1090511
Asperula purpurea (L.) Ehrend.;2722058;1100171
Asperula purpurea (L.) Ehrend.;2721254;1100881
Asperula purpurea (L.) Ehrend.;2723140;1101506
Asperula purpurea (L.) Ehrend.;2721573;1100668
Asperula purpurea (L.) Ehrend.;2716124;1084571
Asperula purpurea (L.) Ehrend.;2717299;1085751
Asperula purpurea (L.) Ehrend.;2717324;1085689
Asperula purpurea (L.) Ehrend.;2722177;1101339
Asperula purpurea (L.) Ehrend.;2720009;1084477
Asperula purpurea (L.) Ehrend.;2717847;1085215
Asperula purpurea (L.) Ehrend.;2717927;1085003
Asperula purpurea (L.) Ehrend.;2717416;1085876
Asperula purpurea (L.) Ehrend.;2721542;1100696
Asperula purpurea (L.) Ehrend.;2718043;1084597
Asperula purpurea (L.) Ehrend.;2717944;1084799
Asperula purpurea (L.) Ehrend.;2721928;1100814
Asperula purpurea (L.) Ehrend.;2717409;1085830
Asperula purpurea (L.) Ehrend.;2717792;1085667
Asperula purpurea (L.) Ehrend.;2720851;1097239
Asperula purpurea (L.) Ehrend.;2719472;1096136
Asperula purpurea (L.) Ehrend.;2720007;1097262
Asperula purpurea (L.) Ehrend.;2719502;1096115
Asperula purpurea (L.) Ehrend.;2716726;1092673
Asperula purpurea (L.) Ehrend.;2721605;1097924
Asperula purpurea (L.) Ehrend.;2719588;1096189
Asperula purpurea (L.) Ehrend.;2722055;1100653
Asperula purpurea (L.) Ehrend.;2721654;1097873
Asperula purpurea (L.) Ehrend.;2720108;1097218
Asperula purpurea (L.) Ehrend.;2722808;1080620
Asperula purpurea (L.) Ehrend.;2717100;1093425
Asperula purpurea (L.) Ehrend.;2717276;1082130
Asperula purpurea (L.) Ehrend.;2717100;1082353
Asperula purpurea (L.) Ehrend.;2720982;1096785
Asperula purpurea (L.) Ehrend.;2717416;1083548
Asperula purpurea (L.) Ehrend.;2720303;1095833
Asperula purpurea (L.) Ehrend.;2719599;1092041
Asperula purpurea (L.) Ehrend.;2717095;1093428
Asperula purpurea (L.) Ehrend.;2717141;1085278
Asperula purpurea (L.) Ehrend.;2715962;1083383
Asperula purpurea (L.) Ehrend.;2716676;1093284
Asperula purpurea (L.) Ehrend.;2716983;1093018
Asperula purpurea (L.) Ehrend.;2717316;1093424
Asperula purpurea (L.) Ehrend.;2717299;1093383
Asperula purpurea (L.) Ehrend.;2717085;1085334
Asperula purpurea (L.) Ehrend.;2716057;1083355
Asperula purpurea (L.) Ehrend.;2716160;1083323
Asperula purpurea (L.) Ehrend.;2716259;1083206
Asperula purpurea (L.) Ehrend.;2716999;1082489
Asperula purpurea (L.) Ehrend.;2716219;1084575
Asperula purpurea (L.) Ehrend.;2717181;1082302
Asperula purpurea (L.) Ehrend.;2716374;1084456
Asperula purpurea (L.) Ehrend.;2717093;1082350
Asperula purpurea (L.) Ehrend.;2717333;1085692
Asperula purpurea (L.) Ehrend.;2717282;1085795
Asperula purpurea (L.) Ehrend.;2723013;1081006
Asperula purpurea (L.) Ehrend.;2719867;1097405
Asperula purpurea (L.) Ehrend.;2720718;1097178
Asperula purpurea (L.) Ehrend.;2724775;1121098
Asperula purpurea (L.) Ehrend.;2719878;1097639
Asperula purpurea (L.) Ehrend.;2724864;1121111
Asperula purpurea (L.) Ehrend.;2717440;1092726
Asperula purpurea (L.) Ehrend.;2716939;1092860
Asperula purpurea (L.) Ehrend.;2722088;1100684
Asperula purpurea (L.) Ehrend.;2721256;1097193
Asperula purpurea (L.) Ehrend.;2716977;1092986
Asperula purpurea (L.) Ehrend.;2711855;1091250
Asperula purpurea (L.) Ehrend.;2716935;1092867
Asperula purpurea (L.) Ehrend.;2717739;1085475
Asperula purpurea (L.) Ehrend.;2716710;1092667
Asperula purpurea (L.) Ehrend.;2716982;1092986
Asperula purpurea (L.) Ehrend.;2716950;1092867
Asperula purpurea (L.) Ehrend.;2717415;1083554
Asperula purpurea (L.) Ehrend.;2717340;1085679
Asperula purpurea (L.) Ehrend.;2716929;1092842
Asperula purpurea (L.) Ehrend.;2720298;1095838
Asperula purpurea (L.) Ehrend.;2716933;1092841
Asperula purpurea (L.) Ehrend.;2719431;1092338
Asperula purpurea (L.) Ehrend.;2720295;1095842
Asperula purpurea (L.) Ehrend.;2719700;1096176
Asperula purpurea (L.) Ehrend.;2719629;1096194
Asperula purpurea (L.) Ehrend.;2721254;1097200
Asperula purpurea (L.) Ehrend.;2720430;1096463
Asperula purpurea (L.) Ehrend.;2717234;1093304
Asperula purpurea (L.) Ehrend.;2716937;1092862
Asperula purpurea (L.) Ehrend.;2721998;1100539
Asperula purpurea (L.) Ehrend.;2712143;1091100
Asperula purpurea (L.) Ehrend.;2711772;1090928
Asperula purpurea (L.) Ehrend.;2718016;1083428
Asperula purpurea (L.) Ehrend.;2712285;1091049
Asperula purpurea (L.) Ehrend.;2716781;1092764
Asperula purpurea (L.) Ehrend.;2721018;1096824
Asperula purpurea (L.) Ehrend.;2713805;1090534
Asperula purpurea (L.) Ehrend.;2719598;1092039
Asperula purpurea (L.) Ehrend.;2722222;1097037
Asperula purpurea (L.) Ehrend.;2719598;1092041
Asperula purpurea (L.) Ehrend.;2717626;1084950
Asperula purpurea (L.) Ehrend.;2722022;1100651
Asperula purpurea (L.) Ehrend.;2722073;1100651
Asperula purpurea (L.) Ehrend.;2717626;1085240
Asperula purpurea (L.) Ehrend.;2722040;1100827
Asperula purpurea (L.) Ehrend.;2717420;1085508
Asperula purpurea (L.) Ehrend.;2717626;1084950
Asperula purpurea (L.) Ehrend.;2717581;1085334
Asperula purpurea (L.) Ehrend.;2717152;1085359
Bromus erectus subsp. condensatus (Hack.) Asch. & Graebn.;2720437;1097080
Bromus erectus subsp. condensatus (Hack.) Asch. & Graebn.;2716673;1093287
Bromus erectus subsp. condensatus (Hack.) Asch. & Graebn.;2720757;1095982
Bromus erectus subsp. condensatus (Hack.) Asch. & Graebn.;2719900;1091614
Bromus erectus subsp. condensatus (Hack.) Asch. & Graebn.;2712129;1091100
Bromus erectus subsp. condensatus (Hack.) Asch. & Graebn.;2712154;1091103
Bromus erectus subsp. condensatus (Hack.) Asch. & Graebn.;2717063;1092611
Bromus erectus subsp. condensatus (Hack.) Asch. & Graebn.;2717150;1092624
Bromus erectus subsp. condensatus (Hack.) Asch. & Graebn.;2717229;1093306
Bromus erectus subsp. condensatus (Hack.) Asch. & Graebn.;2722750;1080599
Bromus erectus subsp. condensatus (Hack.) Asch. & Graebn.;2721541;1100684
Bromus erectus subsp. condensatus (Hack.) Asch. & Graebn.;2722039;1096920
Bromus erectus subsp. condensatus (Hack.) Asch. & Graebn.;2713855;1090555
Bromus erectus subsp. condensatus (Hack.) Asch. & Graebn.;2722170;1101050
Bromus erectus subsp. condensatus (Hack.) Asch. & Graebn.;2700900;1115115
Bromus erectus subsp. condensatus (Hack.) Asch. & Graebn.;2711729;1090974
Bromus erectus subsp. condensatus (Hack.) Asch. & Graebn.;2720915;1096001
Bromus erectus subsp. condensatus (Hack.) Asch. & Graebn.;2719891;1096221
Bromus erectus subsp. condensatus (Hack.) Asch. & Graebn.;2722823;1080650
Bromus erectus subsp. condensatus (Hack.) Asch. & Graebn.;2711921;1091018
Bromus erectus subsp. condensatus (Hack.) Asch. & Graebn.;2716972;1092987
Bromus erectus subsp. condensatus (Hack.) Asch. & Graebn.;2712265;1091058
Bromus erectus subsp. condensatus (Hack.) Asch. & Graebn.;2719539;1092133
Bromus erectus subsp. condensatus (Hack.) Asch. & Graebn.;2711749;1090969
Bromus erectus subsp. condensatus (Hack.) Asch. & Graebn.;2722502;1088844
Bromus erectus subsp. condensatus (Hack.) Asch. & Graebn.;2720441;1097083
Bromus erectus subsp. condensatus (Hack.) Asch. & Graebn.;2726662;1102659
Bromus erectus subsp. condensatus (Hack.) Asch. & Graebn.;2720119;1084830
Bromus erectus subsp. condensatus (Hack.) Asch. & Graebn.;2712129;1091080
Bromus erectus subsp. condensatus (Hack.) Asch. & Graebn.;2721564;1100661
Bromus erectus subsp. condensatus (Hack.) Asch. & Graebn.;2721972;1100594
Bromus erectus subsp. condensatus (Hack.) Asch. & Graebn.;2720711;1095964
Bromus erectus subsp. condensatus (Hack.) Asch. & Graebn.;2711748;1090970
Bromus erectus subsp. condensatus (Hack.) Asch. & Graebn.;2720711;1096640
Bromus erectus subsp. condensatus (Hack.) Asch. & Graebn.;2712134;1091109
Bromus erectus subsp. condensatus (Hack.) Asch. & Graebn.;2722108;1087048
Bromus erectus subsp. condensatus (Hack.) Asch. & Graebn.;2722095;1086556
Bromus erectus subsp. condensatus (Hack.) Asch. & Graebn.;2720303;1082338
Bromus erectus subsp. condensatus (Hack.) Asch. & Graebn.;2700902;1115117
Bromus erectus subsp. condensatus (Hack.) Asch. & Graebn.;2722040;1100827
Bromus erectus subsp. condensatus (Hack.) Asch. & Graebn.;2722040;1100827
Bromus erectus subsp. condensatus (Hack.) Asch. & Graebn.;2722073;1100651
Chrysopogon gryllus (L.) Trin.;2700068;1115950
Chrysopogon gryllus (L.) Trin.;2714020;1090095
Chrysopogon gryllus (L.) Trin.;2720118;1130314
Chrysopogon gryllus (L.) Trin.;2700951;1115128
Chrysopogon gryllus (L.) Trin.;2700826;1115144
Chrysopogon gryllus (L.) Trin.;2703802;1112365
Chrysopogon gryllus (L.) Trin.;2721293;1097224
Chrysopogon gryllus (L.) Trin.;2700828;1115195
Chrysopogon gryllus (L.) Trin.;2700867;1115187
Chrysopogon gryllus (L.) Trin.;2700952;1115176
Chrysopogon gryllus (L.) Trin.;2708456;1115619
Chrysopogon gryllus (L.) Trin.;2720349;1097161
Chrysopogon gryllus (L.) Trin.;2720606;1096411
Chrysopogon gryllus (L.) Trin.;2700869;1115185
Chrysopogon gryllus (L.) Trin.;2700697;1119308
Chrysopogon gryllus (L.) Trin.;2700731;1119258
Chrysopogon gryllus (L.) Trin.;2719620;1116142
Chrysopogon gryllus (L.) Trin.;2700966;1115130
Chrysopogon gryllus (L.) Trin.;2692957;1113569
Chrysopogon gryllus (L.) Trin.;2725020;1121385
Chrysopogon gryllus (L.) Trin.;2701075;1116785
Chrysopogon gryllus (L.) Trin.;2720885;1096264
Chrysopogon gryllus (L.) Trin.;2712136;1091099
Chrysopogon gryllus (L.) Trin.;2718690;1081311
Chrysopogon gryllus (L.) Trin.;2700962;1115126
Chrysopogon gryllus (L.) Trin.;2712121;1091089
Chrysopogon gryllus (L.) Trin.;2711688;1090883
Chrysopogon gryllus (L.) Trin.;2701281;1118382
Chrysopogon gryllus (L.) Trin.;2724482;1120982
Chrysopogon gryllus (L.) Trin.;2692976;1113580
Chrysopogon gryllus (L.) Trin.;2700726;1119305
Chrysopogon gryllus (L.) Trin.;2685467;1128279
Chrysopogon gryllus (L.) Trin.;2699462;1116125
Chrysopogon gryllus (L.) Trin.;2712132;1091093
Chrysopogon gryllus (L.) Trin.;2692963;1113578
Chrysopogon gryllus (L.) Trin.;2721284;1097220
Chrysopogon gryllus (L.) Trin.;2700944;1115184
Chrysopogon gryllus (L.) Trin.;2717974;1083512
Chrysopogon gryllus (L.) Trin.;2701540;1112255
Chrysopogon gryllus (L.) Trin.;2714413;1086900
Chrysopogon gryllus (L.) Trin.;2717157;1085420
Chrysopogon gryllus (L.) Trin.;2713299;1115617
Chrysopogon gryllus (L.) Trin.;2720100;1096233
Chrysopogon gryllus (L.) Trin.;2699283;1115983
Chrysopogon gryllus (L.) Trin.;2699002;1115810
Chrysopogon gryllus (L.) Trin.;2699468;1116137
Chrysopogon gryllus (L.) Trin.;2700979;1115132
Chrysopogon gryllus (L.) Trin.;2700909;1115104
Chrysopogon gryllus (L.) Trin.;2699438;1116129
Chrysopogon gryllus (L.) Trin.;2720575;1096386
Chrysopogon gryllus (L.) Trin.;2699456;1116125
Chrysopogon gryllus (L.) Trin.;2712139;1091073
Chrysopogon gryllus (L.) Trin.;2712123;1091099
Chrysopogon gryllus (L.) Trin.;2720508;1104457
Chrysopogon gryllus (L.) Trin.;2700720;1119186
Chrysopogon gryllus (L.) Trin.;2698632;1116033
Chrysopogon gryllus (L.) Trin.;2721305;1125772
Chrysopogon gryllus (L.) Trin.;2710730;1140231
Chrysopogon gryllus (L.) Trin.;2696366;1117794
Chrysopogon gryllus (L.) Trin.;2696413;1117743
Chrysopogon gryllus (L.) Trin.;2723767;1121574
Chrysopogon gryllus (L.) Trin.;2723613;1121576
Chrysopogon gryllus (L.) Trin.;2724860;1121110
Chrysopogon gryllus (L.) Trin.;2723657;1121618
Chrysopogon gryllus (L.) Trin.;2723616;1121650
Chrysopogon gryllus (L.) Trin.;2723581;1121611
Chrysopogon gryllus (L.) Trin.;2724909;1121127
Chrysopogon gryllus (L.) Trin.;2724795;1121118
Chrysopogon gryllus (L.) Trin.;2724698;1121053
Chrysopogon gryllus (L.) Trin.;2724539;1121051
Chrysopogon gryllus (L.) Trin.;2723607;1121626
Chrysopogon gryllus (L.) Trin.;2722494;1124230
Chrysopogon gryllus (L.) Trin.;2721237;1097198
Chrysopogon gryllus (L.) Trin.;2703845;1112410
Chrysopogon gryllus (L.) Trin.;2721248;1097218
Chrysopogon gryllus (L.) Trin.;2721269;1097233
Chrysopogon gryllus (L.) Trin.;2721279;1097218
Chrysopogon gryllus (L.) Trin.;2721294;1097220
Chrysopogon gryllus (L.) Trin.;2712126;1091094
Chrysopogon gryllus (L.) Trin.;2711740;1090990
Chrysopogon gryllus (L.) Trin.;2718480;1135891
Chrysopogon gryllus (L.) Trin.;2701953;1112474
Chrysopogon gryllus (L.) Trin.;2720069;1096257
Chrysopogon gryllus (L.) Trin.;2722921;1122753
Chrysopogon gryllus (L.) Trin.;2692959;1113551
Chrysopogon gryllus (L.) Trin.;2700752;1119102
Chrysopogon gryllus (L.) Trin.;2700663;1119450
Chrysopogon gryllus (L.) Trin.;2700923;1114576
Chrysopogon gryllus (L.) Trin.;2723234;1117481
Chrysopogon gryllus (L.) Trin.;2696310;1117815
Chrysopogon gryllus (L.) Trin.;2696318;1117806
Chrysopogon gryllus (L.) Trin.;2696332;1117820
Chrysopogon gryllus (L.) Trin.;2716655;1083500
Chrysopogon gryllus (L.) Trin.;2710257;1115739
Chrysopogon gryllus (L.) Trin.;2699759;1116176
Chrysopogon gryllus (L.) Trin.;2717133;1082947
Chrysopogon gryllus (L.) Trin.;2700865;1115207
Chrysopogon gryllus (L.) Trin.;2701018;1115137
Chrysopogon gryllus (L.) Trin.;2714372;1090468
Chrysopogon gryllus (L.) Trin.;2716629;1083513
Chrysopogon gryllus (L.) Trin.;2692989;1113572
Chrysopogon gryllus (L.) Trin.;2714634;1087209
Chrysopogon gryllus (L.) Trin.;2722968;1122214
Chrysopogon gryllus (L.) Trin.;2716962;1080873
Chrysopogon gryllus (L.) Trin.;2721320;1097388
Chrysopogon gryllus (L.) Trin.;2714185;1110535
Chrysopogon gryllus (L.) Trin.;2712131;1091097
Chrysopogon gryllus (L.) Trin.;2718162;1085173
Chrysopogon gryllus (L.) Trin.;2718193;1085190
Chrysopogon gryllus (L.) Trin.;2701963;1117241
Chrysopogon gryllus (L.) Trin.;2700316;1112231
Chrysopogon gryllus (L.) Trin.;2701895;1117192
Chrysopogon gryllus (L.) Trin.;2697424;1115538
Chrysopogon gryllus (L.) Trin.;2721308;1097240
Chrysopogon gryllus (L.) Trin.;2721302;1097236
Chrysopogon gryllus (L.) Trin.;2721284;1097224
Chrysopogon gryllus (L.) Trin.;2721289;1097229
Chrysopogon gryllus (L.) Trin.;2713392;1115591
Chrysopogon gryllus (L.) Trin.;2711947;1090941
Chrysopogon gryllus (L.) Trin.;2712023;1090919
Chrysopogon gryllus (L.) Trin.;2712033;1090903
Chrysopogon gryllus (L.) Trin.;2700735;1115238
Chrysopogon gryllus (L.) Trin.;2721274;1097228
Chrysopogon gryllus (L.) Trin.;2701481;1112241
Chrysopogon gryllus (L.) Trin.;2717071;1115530
Chrysopogon gryllus (L.) Trin.;2711742;1090999
Chrysopogon gryllus (L.) Trin.;2721868;1076381
Chrysopogon gryllus (L.) Trin.;2711745;1090999
Chrysopogon gryllus (L.) Trin.;2712119;1091094
Chrysopogon gryllus (L.) Trin.;2717326;1115532
Chrysopogon gryllus (L.) Trin.;2700690;1119198
Chrysopogon gryllus (L.) Trin.;2711888;1115390
Chrysopogon gryllus (L.) Trin.;2716998;1115539
Chrysopogon gryllus (L.) Trin.;2716994;1115562
Chrysopogon gryllus (L.) Trin.;2721245;1097222
Chrysopogon gryllus (L.) Trin.;2716655;1083500
Chrysopogon gryllus (L.) Trin.;2714145;1110699
Chrysopogon gryllus (L.) Trin.;2698991;1115806
Chrysopogon gryllus (L.) Trin.;2699426;1116135
Chrysopogon gryllus (L.) Trin.;2715318;1087797
Chrysopogon gryllus (L.) Trin.;2698031;1123059
Chrysopogon gryllus (L.) Trin.;2699999;1116114
Chrysopogon gryllus (L.) Trin.;2721741;1076415
Chrysopogon gryllus (L.) Trin.;2717062;1115540
Chrysopogon gryllus (L.) Trin.;2716978;1115542
Chrysopogon gryllus (L.) Trin.;2717345;1115526
Chrysopogon gryllus (L.) Trin.;2719303;1097262
Chrysopogon gryllus (L.) Trin.;2700973;1115130
Cleistogenes serotina (L.) Keng;2720330;1095858
Cleistogenes serotina (L.) Keng;2724852;1121026
Cleistogenes serotina (L.) Keng;2720718;1095972
Cleistogenes serotina (L.) Keng;2720780;1095993
Cleistogenes serotina (L.) Keng;2720757;1095980
Cleistogenes serotina (L.) Keng;2720806;1096004
Cleistogenes serotina (L.) Keng;2724482;1120982
Cleistogenes serotina (L.) Keng;2724484;1120906
Cleistogenes serotina (L.) Keng;2725031;1121370
Cleistogenes serotina (L.) Keng;2724393;1120847
Cleistogenes serotina (L.) Keng;2717362;1092654
Cleistogenes serotina (L.) Keng;2717225;1082118
Cleistogenes serotina (L.) Keng;2717249;1082151
Cleistogenes serotina (L.) Keng;2717226;1082119
Cleistogenes serotina (L.) Keng;2717229;1082170
Cleistogenes serotina (L.) Keng;2720819;1096019
Cleistogenes serotina (L.) Keng;2717224;1082120
Cleistogenes serotina (L.) Keng;2724039;1121073
Cleistogenes serotina (L.) Keng;2720739;1095976
Cleistogenes serotina (L.) Keng;2724709;1121046
Cleistogenes serotina (L.) Keng;2720737;1095978
Cleistogenes serotina (L.) Keng;2724860;1121106
Cleistogenes serotina (L.) Keng;2724750;1120962
Cleistogenes serotina (L.) Keng;2724794;1121110
Cleistogenes serotina (L.) Keng;2717215;1082138
Cleistogenes serotina (L.) Keng;2724271;1120993
Cleistogenes serotina (L.) Keng;2720803;1096004
Cleistogenes serotina (L.) Keng;2717252;1082146
Cleistogenes serotina (L.) Keng;2720798;1096012
Cleistogenes serotina (L.) Keng;2724265;1120992
Cleistogenes serotina (L.) Keng;2716927;1092831
Cleistogenes serotina (L.) Keng;2712033;1090903
Cleistogenes serotina (L.) Keng;2717239;1082144
Cleistogenes serotina (L.) Keng;2717248;1082148
Cleistogenes serotina (L.) Keng;2720796;1096013
Cleistogenes serotina (L.) Keng;2717222;1082165
Cleistogenes serotina (L.) Keng;2717240;1082150
Danthonia alpina Vest;2717275;1084678
Danthonia alpina Vest;2717142;1085689
Danthonia alpina Vest;2717146;1085675
Danthonia alpina Vest;2717223;1085522
Danthonia alpina Vest;2717139;1085695
Danthonia alpina Vest;2717139;1085694
Danthonia alpina Vest;2717144;1085697
Danthonia alpina Vest;2717140;1085691
Danthonia alpina Vest;2717145;1085674
Danthonia alpina Vest;2717223;1085522
Danthonia alpina Vest;2717214;1085510
Danthonia alpina Vest;2717199;1085502
Danthonia alpina Vest;2717158;1085500
Danthonia alpina Vest;2717123;1085502
Danthonia alpina Vest;2717114;1085501
Danthonia alpina Vest;2717151;1085678
Danthonia alpina Vest;2717145;1085674
Danthonia alpina Vest;2717114;1085630
Danthonia alpina Vest;2717120;1085639
Danthonia alpina Vest;2717153;1085681
Danthonia alpina Vest;2717223;1084805
Danthonia alpina Vest;2717415;1085415
Danthonia alpina Vest;2717168;1085367
Danthonia alpina Vest;2717217;1084791
Danthonia alpina Vest;2717084;1085412
Danthonia alpina Vest;2717274;1084677
Danthonia alpina Vest;2717204;1084830
Danthonia alpina Vest;2717219;1084795
Danthonia alpina Vest;2717156;1085416
Danthonia alpina Vest;2717604;1085252
Danthonia alpina Vest;2717600;1085241
Danthonia alpina Vest;2717629;1084949
Danthonia alpina Vest;2717390;1085526
Danthonia alpina Vest;2717557;1085180
Danthonia alpina Vest;2717136;1085537
Danthonia alpina Vest;2717191;1084847
Danthonia alpina Vest;2717289;1084700
Danthonia alpina Vest;2717173;1085351
Danthonia alpina Vest;2717664;1085022
Danthonia alpina Vest;2717063;1084908
Danthonia alpina Vest;2717087;1085279
Danthonia alpina Vest;2717087;1085277
Danthonia alpina Vest;2717087;1085283
Danthonia alpina Vest;2717083;1085264
Danthonia alpina Vest;2717095;1085266
Danthonia alpina Vest;2717071;1085278
Danthonia alpina Vest;2717095;1085252
Danthonia alpina Vest;2717178;1085364
Danthonia alpina Vest;2717186;1085368
Danthonia alpina Vest;2717176;1085357
Danthonia alpina Vest;2717214;1085468
Danthonia alpina Vest;2717143;1085499
Danthonia alpina Vest;2717128;1085516
Danthonia alpina Vest;2717143;1085495
Danthonia alpina Vest;2717122;1085562
Danthonia alpina Vest;2717096;1085263
Danthonia alpina Vest;2717613;1085179
Danthonia alpina Vest;2717225;1084799
Danthonia alpina Vest;2717356;1085235
Danthonia alpina Vest;2717350;1085225
Danthonia alpina Vest;2717625;1084991
Danthonia alpina Vest;2717595;1084995
Danthonia alpina Vest;2717381;1085588
Danthonia alpina Vest;2717382;1085592
Danthonia alpina Vest;2717380;1085591
Danthonia alpina Vest;2717379;1085591
Danthonia alpina Vest;2717376;1085592
Danthonia alpina Vest;2717354;1085607
Danthonia alpina Vest;2717382;1085586
Danthonia alpina Vest;2717203;1085718
Danthonia alpina Vest;2717659;1085035
Danthonia alpina Vest;2717596;1084985
Danthonia alpina Vest;2717594;1084989
Danthonia alpina Vest;2717590;1084991
Danthonia alpina Vest;2717593;1084992
Danthonia alpina Vest;2717610;1084999
Danthonia alpina Vest;2717603;1084995
Danthonia alpina Vest;2717608;1084982
Danthonia alpina Vest;2717101;1085661
Danthonia alpina Vest;2717516;1085243
Danthonia alpina Vest;2717514;1085247
Danthonia alpina Vest;2717523;1085253
Danthonia alpina Vest;2717526;1085250
Danthonia alpina Vest;2717626;1084986
Danthonia alpina Vest;2717188;1084847
Danthonia alpina Vest;2717196;1084849
Danthonia alpina Vest;2717191;1084834
Danthonia alpina Vest;2717625;1084988
Danthonia alpina Vest;2717206;1084835
Danthonia alpina Vest;2717619;1085184
Danthonia alpina Vest;2717208;1084822
Danthonia alpina Vest;2717203;1084829
Danthonia alpina Vest;2717230;1084781
Danthonia alpina Vest;2717216;1085486
Danthonia alpina Vest;2717337;1085394
Danthonia alpina Vest;2717548;1085184
Danthonia alpina Vest;2717169;1085342
Danthonia alpina Vest;2717171;1085342
Danthonia alpina Vest;2717170;1085340
Danthonia alpina Vest;2717170;1085338
Danthonia alpina Vest;2717118;1085272
Danthonia alpina Vest;2717338;1085390
Danthonia alpina Vest;2717567;1085137
Danthonia alpina Vest;2717562;1085143
Danthonia alpina Vest;2717338;1085390
Danthonia alpina Vest;2717112;1085354
Danthonia alpina Vest;2717565;1085161
Danthonia alpina Vest;2717394;1085381
Danthonia alpina Vest;2717163;1085377
Danthonia alpina Vest;2717155;1085388
Danthonia alpina Vest;2717166;1085390
Danthonia alpina Vest;2717165;1085386
Danthonia alpina Vest;2717168;1085385
Danthonia alpina Vest;2717109;1085350
Danthonia alpina Vest;2717406;1085376
Danthonia alpina Vest;2717167;1085373
Danthonia alpina Vest;2717395;1085384
Danthonia alpina Vest;2717409;1085383
Danthonia alpina Vest;2717388;1085394
Danthonia alpina Vest;2717388;1085377
Danthonia alpina Vest;2717395;1085382
Danthonia alpina Vest;2717216;1085484
Danthonia alpina Vest;2717414;1085366
Danthonia alpina Vest;2717338;1085388
Danthonia alpina Vest;2717553;1085156
Danthonia alpina Vest;2717100;1085334
Danthonia alpina Vest;2717109;1085340
Danthonia alpina Vest;2717103;1085338
Danthonia alpina Vest;2717108;1085348
Danthonia alpina Vest;2717544;1085174
Danthonia alpina Vest;2717164;1085367
Danthonia alpina Vest;2717164;1085373
Danthonia alpina Vest;2717585;1085161
Danthonia alpina Vest;2717188;1085371
Danthonia alpina Vest;2717185;1085376
Danthonia alpina Vest;2717175;1085378
Danthonia alpina Vest;2717555;1085150
Danthonia alpina Vest;2717110;1085349
Danthonia alpina Vest;2717122;1085676
Danthonia alpina Vest;2717155;1085664
Danthonia alpina Vest;2717158;1085675
Danthonia alpina Vest;2717154;1085675
Danthonia alpina Vest;2717143;1085674
Danthonia alpina Vest;2717133;1085673
Danthonia alpina Vest;2717129;1085677
Danthonia alpina Vest;2717123;1085682
Danthonia alpina Vest;2717111;1085682
Danthonia alpina Vest;2717170;1085351
Danthonia alpina Vest;2717115;1085675
Danthonia alpina Vest;2717144;1085662
Danthonia alpina Vest;2717132;1085669
Danthonia alpina Vest;2717134;1085668
Danthonia alpina Vest;2717138;1085655
Danthonia alpina Vest;2717141;1085655
Danthonia alpina Vest;2717143;1085658
Danthonia alpina Vest;2717146;1085657
Danthonia alpina Vest;2717137;1085651
Danthonia alpina Vest;2717138;1085650
Danthonia alpina Vest;2717111;1085679
Danthonia alpina Vest;2717140;1085691
Danthonia alpina Vest;2717145;1085692
Danthonia alpina Vest;2717144;1085694
Danthonia alpina Vest;2717141;1085696
Danthonia alpina Vest;2717138;1085692
Danthonia alpina Vest;2717135;1085689
Danthonia alpina Vest;2717133;1085689
Danthonia alpina Vest;2717133;1085692
Danthonia alpina Vest;2717134;1085693
Danthonia alpina Vest;2717145;1085667
Danthonia alpina Vest;2717140;1085692
Danthonia alpina Vest;2717144;1085663
Danthonia alpina Vest;2717139;1085690
Danthonia alpina Vest;2717138;1085688
Danthonia alpina Vest;2717130;1085680
Danthonia alpina Vest;2717146;1085679
Danthonia alpina Vest;2717146;1085681
Danthonia alpina Vest;2717146;1085683
Danthonia alpina Vest;2717146;1085685
Danthonia alpina Vest;2717153;1085656
Danthonia alpina Vest;2717116;1085652
Danthonia alpina Vest;2717136;1085696
Danthonia alpina Vest;2717221;1085491
Danthonia alpina Vest;2717104;1085651
Danthonia alpina Vest;2717412;1085369
Danthonia alpina Vest;2717246;1085466
Danthonia alpina Vest;2717242;1085466
Danthonia alpina Vest;2717247;1085461
Danthonia alpina Vest;2717252;1085462
Danthonia alpina Vest;2717597;1085138
Danthonia alpina Vest;2717176;1085392
Danthonia alpina Vest;2717199;1085458
Danthonia alpina Vest;2717167;1085351
Danthonia alpina Vest;2717199;1085465
Danthonia alpina Vest;2717583;1085165
Danthonia alpina Vest;2717177;1085359
Danthonia alpina Vest;2717186;1085357
Danthonia alpina Vest;2717347;1085380
Danthonia alpina Vest;2717548;1085194
Danthonia alpina Vest;2717536;1085196
Danthonia alpina Vest;2717191;1085348
Danthonia alpina Vest;2717249;1085547
Danthonia alpina Vest;2717199;1085472
Danthonia alpina Vest;2717537;1085185
Danthonia alpina Vest;2717119;1085632
Danthonia alpina Vest;2717121;1085639
Danthonia alpina Vest;2717113;1085644
Danthonia alpina Vest;2717213;1085485
Danthonia alpina Vest;2717212;1085484
Danthonia alpina Vest;2717424;1085388
Danthonia alpina Vest;2717426;1085387
Danthonia alpina Vest;2717200;1085455
Danthonia alpina Vest;2717197;1085471
Danthonia alpina Vest;2717114;1085654
Danthonia alpina Vest;2717428;1085382
Danthonia alpina Vest;2717420;1085382
Danthonia alpina Vest;2717417;1085381
Danthonia alpina Vest;2717201;1085473
Danthonia alpina Vest;2717215;1085471
Danthonia alpina Vest;2717235;1085483
Danthonia alpina Vest;2717201;1085468
Danthonia alpina Vest;2717199;1085468
Danthonia alpina Vest;2717207;1085484
Danthonia alpina Vest;2717092;1085490
Danthonia alpina Vest;2717089;1085529
Danthonia alpina Vest;2717079;1085414
Danthonia alpina Vest;2717535;1085159
Danthonia alpina Vest;2717089;1085431
Danthonia alpina Vest;2717086;1085440
Danthonia alpina Vest;2717086;1085442
Danthonia alpina Vest;2717097;1085474
Danthonia alpina Vest;2717080;1085410
Danthonia alpina Vest;2717097;1085485
Danthonia alpina Vest;2717079;1085408
Danthonia alpina Vest;2717089;1085488
Danthonia alpina Vest;2717090;1085492
Danthonia alpina Vest;2717554;1085149
Danthonia alpina Vest;2717100;1085515
Danthonia alpina Vest;2717086;1085511
Danthonia alpina Vest;2717085;1085527
Danthonia alpina Vest;2717234;1085531
Danthonia alpina Vest;2717102;1085484
Danthonia alpina Vest;2717092;1085408
Danthonia alpina Vest;2717144;1085403
Danthonia alpina Vest;2717159;1085421
Danthonia alpina Vest;2717538;1085172
Danthonia alpina Vest;2717164;1085425
Danthonia alpina Vest;2717164;1085427
Danthonia alpina Vest;2717162;1085429
Danthonia alpina Vest;2717133;1085404
Danthonia alpina Vest;2717536;1085161
Danthonia alpina Vest;2717088;1085410
Danthonia alpina Vest;2717098;1085522
Danthonia alpina Vest;2717099;1085421
Danthonia alpina Vest;2717099;1085418
Danthonia alpina Vest;2717097;1085417
Danthonia alpina Vest;2717095;1085415
Danthonia alpina Vest;2717086;1085412
Danthonia alpina Vest;2717082;1085410
Danthonia alpina Vest;2717077;1085411
Danthonia alpina Vest;2717090;1085411
Danthonia alpina Vest;2717151;1085492
Danthonia alpina Vest;2717090;1085531
Danthonia alpina Vest;2717560;1085100
Danthonia alpina Vest;2717119;1085502
Danthonia alpina Vest;2717118;1085500
Danthonia alpina Vest;2717122;1085499
Danthonia alpina Vest;2717120;1085499
Danthonia alpina Vest;2717122;1085500
Danthonia alpina Vest;2717552;1085102
Danthonia alpina Vest;2717133;1085501
Danthonia alpina Vest;2717549;1085103
Danthonia alpina Vest;2717146;1085493
Danthonia alpina Vest;2717561;1085120
Danthonia alpina Vest;2717145;1085506
Danthonia alpina Vest;2717560;1085117
Danthonia alpina Vest;2717557;1085118
Danthonia alpina Vest;2717157;1085497
Danthonia alpina Vest;2717126;1085501
Danthonia alpina Vest;2717105;1085505
Danthonia alpina Vest;2717100;1085522
Danthonia alpina Vest;2717103;1085513
Danthonia alpina Vest;2717107;1085517
Danthonia alpina Vest;2717114;1085508
Danthonia alpina Vest;2717114;1085513
Danthonia alpina Vest;2717112;1085513
Danthonia alpina Vest;2717107;1085512
Danthonia alpina Vest;2717554;1085102
Danthonia alpina Vest;2717105;1085509
Danthonia alpina Vest;2717167;1085407
Danthonia alpina Vest;2717551;1085096
Danthonia alpina Vest;2717108;1085502
Danthonia alpina Vest;2717109;1085498
Danthonia alpina Vest;2717111;1085496
Danthonia alpina Vest;2717113;1085502
Danthonia alpina Vest;2717116;1085503
Danthonia alpina Vest;2717549;1085099
Danthonia alpina Vest;2717105;1085511
Danthonia alpina Vest;2717119;1085557
Danthonia alpina Vest;2717155;1085404
Danthonia alpina Vest;2717158;1085498
Danthonia alpina Vest;2717271;1085599
Danthonia alpina Vest;2717121;1085565
Danthonia alpina Vest;2717124;1085565
Danthonia alpina Vest;2717128;1085564
Danthonia alpina Vest;2717126;1085563
Danthonia alpina Vest;2717228;1085517
Danthonia alpina Vest;2717120;1085555
Danthonia alpina Vest;2717224;1085517
Danthonia alpina Vest;2717129;1085554
Danthonia alpina Vest;2717337;1085294
Danthonia alpina Vest;2717130;1085551
Danthonia alpina Vest;2717123;1085549
Danthonia alpina Vest;2717140;1085539
Danthonia alpina Vest;2717135;1085534
Danthonia alpina Vest;2717526;1085159
Danthonia alpina Vest;2717123;1085555
Danthonia alpina Vest;2717200;1085500
Danthonia alpina Vest;2717234;1085518
Danthonia alpina Vest;2717230;1085508
Danthonia alpina Vest;2717455;1085285
Danthonia alpina Vest;2717225;1085501
Danthonia alpina Vest;2717224;1085499
Danthonia alpina Vest;2717457;1085285
Danthonia alpina Vest;2717217;1085496
Danthonia alpina Vest;2717228;1085548
Danthonia alpina Vest;2717198;1085501
Danthonia alpina Vest;2717197;1085499
Danthonia alpina Vest;2717208;1085507
Danthonia alpina Vest;2717211;1085509
Danthonia alpina Vest;2717213;1085509
Danthonia alpina Vest;2717456;1085288
Danthonia alpina Vest;2717213;1085510
Danthonia alpina Vest;2717221;1085516
Danthonia alpina Vest;2717205;1085488
Danthonia alpina Vest;2717161;1085418
Danthonia alpina Vest;2717170;1085398
Danthonia alpina Vest;2717167;1085399
Danthonia alpina Vest;2717162;1085395
Danthonia alpina Vest;2717161;1085396
Danthonia alpina Vest;2717158;1085398
Danthonia alpina Vest;2717155;1085399
Danthonia alpina Vest;2717149;1085396
Danthonia alpina Vest;2717527;1085156
Danthonia alpina Vest;2717156;1085414
Danthonia alpina Vest;2717177;1085397
Danthonia alpina Vest;2717164;1085413
Danthonia alpina Vest;2717168;1085413
Danthonia alpina Vest;2717170;1085415
Danthonia alpina Vest;2717176;1085410
Danthonia alpina Vest;2717173;1085409
Danthonia alpina Vest;2717170;1085408
Danthonia alpina Vest;2717236;1085522
Danthonia alpina Vest;2717143;1085411
Danthonia alpina Vest;2717555;1085120
Danthonia alpina Vest;2717165;1085405
Danthonia alpina Vest;2717551;1085134
Danthonia alpina Vest;2717131;1085520
Danthonia alpina Vest;2717132;1085518
Danthonia alpina Vest;2717156;1085517
Danthonia alpina Vest;2717148;1085694
Danthonia alpina Vest;2717157;1085501
Danthonia alpina Vest;2717171;1085397
Danthonia alpina Vest;2717551;1085123
Danthonia alpina Vest;2717175;1085399
Danthonia alpina Vest;2717153;1085501
Danthonia alpina Vest;2717175;1085380
Danthonia alpina Vest;2717182;1085384
Danthonia alpina Vest;2717180;1085389
Danthonia alpina Vest;2717181;1085392
Danthonia alpina Vest;2717180;1085393
Danthonia alpina Vest;2717179;1085395
Danthonia alpina Vest;2717526;1085154
Danthonia alpina Vest;2717402;1085555
Danthonia alpina Vest;2717394;1085460
Danthonia alpina Vest;2717418;1085434
Danthonia alpina Vest;2717414;1085437
Danthonia alpina Vest;2717410;1085453
Danthonia alpina Vest;2717406;1085441
Danthonia alpina Vest;2717403;1085440
Danthonia alpina Vest;2717397;1085444
Danthonia alpina Vest;2717400;1085465
Danthonia alpina Vest;2717398;1085453
Danthonia alpina Vest;2717424;1085429
Danthonia alpina Vest;2717389;1085466
Danthonia alpina Vest;2717387;1085468
Danthonia alpina Vest;2717387;1085473
Danthonia alpina Vest;2717389;1085475
Danthonia alpina Vest;2717391;1085474
Danthonia alpina Vest;2717393;1085470
Danthonia alpina Vest;2717393;1085565
Danthonia alpina Vest;2717399;1085448
Danthonia alpina Vest;2717448;1085414
Danthonia alpina Vest;2717414;1085423
Danthonia alpina Vest;2717416;1085415
Danthonia alpina Vest;2717423;1085416
Danthonia alpina Vest;2717425;1085406
Danthonia alpina Vest;2717431;1085404
Danthonia alpina Vest;2717433;1085407
Danthonia alpina Vest;2717441;1085405
Danthonia alpina Vest;2717423;1085431
Danthonia alpina Vest;2717443;1085409
Danthonia alpina Vest;2717429;1085431
Danthonia alpina Vest;2717447;1085417
Danthonia alpina Vest;2717446;1085424
Danthonia alpina Vest;2717446;1085427
Danthonia alpina Vest;2717435;1085416
Danthonia alpina Vest;2717432;1085419
Danthonia alpina Vest;2717426;1085424
Danthonia alpina Vest;2717404;1085459
Danthonia alpina Vest;2717442;1085408
Danthonia alpina Vest;2717390;1085488
Danthonia alpina Vest;2717408;1085469
Danthonia alpina Vest;2717406;1085471
Danthonia alpina Vest;2717407;1085488
Danthonia alpina Vest;2717404;1085490
Danthonia alpina Vest;2717394;1085502
Danthonia alpina Vest;2717394;1085496
Danthonia alpina Vest;2717398;1085466
Danthonia alpina Vest;2717395;1085485
Danthonia alpina Vest;2717417;1085469
Danthonia alpina Vest;2717388;1085489
Danthonia alpina Vest;2717387;1085492
Danthonia alpina Vest;2717384;1085496
Danthonia alpina Vest;2717382;1085503
Danthonia alpina Vest;2717381;1085508
Danthonia alpina Vest;2717390;1085509
Danthonia alpina Vest;2717386;1085514
Danthonia alpina Vest;2717394;1085492
Danthonia alpina Vest;2717435;1085446
Danthonia alpina Vest;2717412;1085454
Danthonia alpina Vest;2717414;1085452
Danthonia alpina Vest;2717416;1085449
Danthonia alpina Vest;2717418;1085446
Danthonia alpina Vest;2717419;1085445
Danthonia alpina Vest;2717422;1085444
Danthonia alpina Vest;2717425;1085443
Danthonia alpina Vest;2717418;1085464
Danthonia alpina Vest;2717432;1085442
Danthonia alpina Vest;2717418;1085468
Danthonia alpina Vest;2717434;1085452
Danthonia alpina Vest;2717429;1085455
Danthonia alpina Vest;2717423;1085456
Danthonia alpina Vest;2717423;1085458
Danthonia alpina Vest;2717421;1085465
Danthonia alpina Vest;2717417;1085475
Danthonia alpina Vest;2717398;1085421
Danthonia alpina Vest;2717426;1085441
Danthonia alpina Vest;2717137;1085537
Danthonia alpina Vest;2717085;1085446
Danthonia alpina Vest;2717132;1085499
Danthonia alpina Vest;2717154;1085497
Danthonia alpina Vest;2717129;1085520
Danthonia alpina Vest;2717117;1085528
Danthonia alpina Vest;2717416;1085425
Danthonia alpina Vest;2717130;1085538
Danthonia alpina Vest;2717167;1085343
Danthonia alpina Vest;2717140;1085543
Danthonia alpina Vest;2717132;1085542
Danthonia alpina Vest;2717128;1085543
Danthonia alpina Vest;2717125;1085556
Danthonia alpina Vest;2717127;1085558
Danthonia alpina Vest;2717585;1085165
Danthonia alpina Vest;2717141;1085538
Danthonia alpina Vest;2717116;1085631
Danthonia alpina Vest;2717408;1085516
Danthonia alpina Vest;2717363;1085594
Danthonia alpina Vest;2717131;1085674
Danthonia alpina Vest;2717138;1085658
Danthonia alpina Vest;2717141;1085656
Danthonia alpina Vest;2717115;1085655
Danthonia alpina Vest;2717103;1085652
Danthonia alpina Vest;2717171;1085382
Danthonia alpina Vest;2717231;1085696
Danthonia alpina Vest;2717201;1085504
Danthonia alpina Vest;2717199;1085503
Danthonia alpina Vest;2717212;1085495
Danthonia alpina Vest;2717218;1085496
Danthonia alpina Vest;2717245;1085472
Danthonia alpina Vest;2717166;1085355
Danthonia alpina Vest;2717549;1085134
Danthonia alpina Vest;2717119;1085632
Danthonia alpina Vest;2717635;1085173
Danthonia alpina Vest;2717553;1085196
Danthonia alpina Vest;2717574;1085231
Danthonia alpina Vest;2717574;1085228
Danthonia alpina Vest;2717574;1085195
Danthonia alpina Vest;2717587;1085214
Danthonia alpina Vest;2717586;1085224
Danthonia alpina Vest;2717564;1085265
Danthonia alpina Vest;2717570;1085249
Danthonia alpina Vest;2717569;1085229
Danthonia alpina Vest;2717629;1085216
Danthonia alpina Vest;2717372;1085470
Danthonia alpina Vest;2717392;1085445
Danthonia alpina Vest;2717394;1085442
Danthonia alpina Vest;2717395;1085439
Danthonia alpina Vest;2717384;1085522
Danthonia alpina Vest;2717610;1085175
Danthonia alpina Vest;2717374;1085502
Danthonia alpina Vest;2717408;1085426
Danthonia alpina Vest;2717529;1085166
Danthonia alpina Vest;2717334;1085295
Danthonia alpina Vest;2717351;1085373
Danthonia alpina Vest;2717397;1085346
Danthonia alpina Vest;2717571;1085259
Danthonia alpina Vest;2717362;1085505
Danthonia alpina Vest;2717565;1085150
Danthonia alpina Vest;2717375;1085488
Danthonia alpina Vest;2717365;1085493
Danthonia alpina Vest;2717623;1084970
Danthonia alpina Vest;2717693;1084967
Danthonia alpina Vest;2717549;1085275
Danthonia alpina Vest;2717434;1085394
Danthonia alpina Vest;2717349;1085607
Danthonia alpina Vest;2717431;1085515
Danthonia alpina Vest;2717348;1085610
Danthonia alpina Vest;2717390;1085582
Danthonia alpina Vest;2717355;1085600
Danthonia alpina Vest;2717357;1085598
Danthonia alpina Vest;2717364;1085597
Danthonia alpina Vest;2717329;1085599
Danthonia alpina Vest;2717351;1085606
Danthonia alpina Vest;2717352;1085608
Danthonia alpina Vest;2717353;1085609
Danthonia alpina Vest;2717350;1085609
Danthonia alpina Vest;2717409;1085551
Danthonia alpina Vest;2717385;1085517
Danthonia alpina Vest;2717429;1085518
Danthonia alpina Vest;2717423;1085521
Danthonia alpina Vest;2717423;1085524
Danthonia alpina Vest;2717412;1085538
Danthonia alpina Vest;2717413;1085539
Danthonia alpina Vest;2717409;1085536
Danthonia alpina Vest;2717409;1085548
Danthonia alpina Vest;2717388;1085581
Danthonia alpina Vest;2717405;1085557
Danthonia alpina Vest;2717096;1085507
Danthonia alpina Vest;2717398;1085555
Danthonia alpina Vest;2717426;1085399
Danthonia alpina Vest;2717396;1085575
Danthonia alpina Vest;2717399;1085582
Danthonia alpina Vest;2717361;1085603
Danthonia alpina Vest;2717409;1085538
Danthonia alpina Vest;2717226;1085702
Danthonia alpina Vest;2717356;1085606
Danthonia alpina Vest;2717329;1085668
Danthonia alpina Vest;2717333;1085677
Danthonia alpina Vest;2717314;1085710
Danthonia alpina Vest;2717314;1085715
Danthonia alpina Vest;2717210;1085691
Danthonia alpina Vest;2717210;1085691
Danthonia alpina Vest;2717326;1085667
Danthonia alpina Vest;2717226;1085701
Danthonia alpina Vest;2717341;1085655
Danthonia alpina Vest;2717226;1085703
Danthonia alpina Vest;2717230;1085695
Danthonia alpina Vest;2717228;1085696
Danthonia alpina Vest;2717223;1085709
Danthonia alpina Vest;2717222;1085706
Danthonia alpina Vest;2717225;1085706
Danthonia alpina Vest;2717224;1085701
Danthonia alpina Vest;2717352;1085619
Danthonia alpina Vest;2717431;1085510
Danthonia alpina Vest;2717367;1085602
Danthonia alpina Vest;2717368;1085600
Danthonia alpina Vest;2717369;1085610
Danthonia alpina Vest;2717367;1085612
Danthonia alpina Vest;2717357;1085625
Danthonia alpina Vest;2717356;1085622
Danthonia alpina Vest;2717328;1085667
Danthonia alpina Vest;2717355;1085618
Danthonia alpina Vest;2717359;1085606
Danthonia alpina Vest;2717334;1085626
Danthonia alpina Vest;2717347;1085611
Danthonia alpina Vest;2717353;1085613
Danthonia alpina Vest;2717346;1085621
Danthonia alpina Vest;2717345;1085623
Danthonia alpina Vest;2717336;1085627
Danthonia alpina Vest;2717343;1085635
Danthonia alpina Vest;2717356;1085620
Danthonia alpina Vest;2717400;1085530
Danthonia alpina Vest;2717382;1085552
Danthonia alpina Vest;2717390;1085550
Danthonia alpina Vest;2717395;1085548
Danthonia alpina Vest;2717401;1085544
Danthonia alpina Vest;2717403;1085547
Danthonia alpina Vest;2717403;1085541
Danthonia alpina Vest;2717429;1085515
Danthonia alpina Vest;2717398;1085531
Danthonia alpina Vest;2717382;1085573
Danthonia alpina Vest;2717399;1085527
Danthonia alpina Vest;2717398;1085522
Danthonia alpina Vest;2717398;1085520
Danthonia alpina Vest;2717399;1085519
Danthonia alpina Vest;2717401;1085517
Danthonia alpina Vest;2717403;1085506
Danthonia alpina Vest;2717420;1085493
Danthonia alpina Vest;2717402;1085540
Danthonia alpina Vest;2717373;1085581
Danthonia alpina Vest;2717226;1085709
Danthonia alpina Vest;2717384;1085525
Danthonia alpina Vest;2717387;1085527
Danthonia alpina Vest;2717382;1085549
Danthonia alpina Vest;2717382;1085550
Danthonia alpina Vest;2717388;1085535
Danthonia alpina Vest;2717383;1085534
Danthonia alpina Vest;2717383;1085567
Danthonia alpina Vest;2717380;1085576
Danthonia alpina Vest;2717383;1085571
Danthonia alpina Vest;2717382;1085551
Danthonia alpina Vest;2717375;1085585
Danthonia alpina Vest;2717379;1085583
Danthonia alpina Vest;2717381;1085582
Danthonia alpina Vest;2717381;1085579
Danthonia alpina Vest;2717383;1085577
Danthonia alpina Vest;2717421;1085510
Danthonia alpina Vest;2717378;1085534
Danthonia alpina Vest;2717431;1085469
Danthonia alpina Vest;2717425;1085507
Danthonia alpina Vest;2717412;1085487
Danthonia alpina Vest;2717417;1085481
Danthonia alpina Vest;2717421;1085481
Danthonia alpina Vest;2717422;1085480
Danthonia alpina Vest;2717422;1085477
Danthonia alpina Vest;2717424;1085474
Danthonia alpina Vest;2717410;1085499
Danthonia alpina Vest;2717431;1085463
Danthonia alpina Vest;2717410;1085496
Danthonia alpina Vest;2717430;1085472
Danthonia alpina Vest;2717435;1085478
Danthonia alpina Vest;2717438;1085481
Danthonia alpina Vest;2717435;1085490
Danthonia alpina Vest;2717436;1085493
Danthonia alpina Vest;2717434;1085498
Danthonia alpina Vest;2717432;1085506
Danthonia alpina Vest;2717428;1085464
Danthonia alpina Vest;2717409;1085513
Danthonia alpina Vest;2717385;1085520
Danthonia alpina Vest;2717413;1085516
Danthonia alpina Vest;2717411;1085516
Danthonia alpina Vest;2717414;1085522
Danthonia alpina Vest;2717412;1085523
Danthonia alpina Vest;2717411;1085523
Danthonia alpina Vest;2717405;1085524
Danthonia alpina Vest;2717411;1085500
Danthonia alpina Vest;2717409;1085517
Danthonia alpina Vest;2717424;1085509
Danthonia alpina Vest;2717413;1085508
Danthonia alpina Vest;2717412;1085507
Danthonia alpina Vest;2717410;1085509
Danthonia alpina Vest;2717407;1085508
Danthonia alpina Vest;2717408;1085505
Danthonia alpina Vest;2717408;1085504
Danthonia alpina Vest;2717408;1085501
Danthonia alpina Vest;2717407;1085521
Danthonia alpina Vest;2717653;1084930
Danthonia alpina Vest;2717637;1084984
Danthonia alpina Vest;2717638;1084987
Danthonia alpina Vest;2717639;1084990
Danthonia alpina Vest;2717635;1085005
Danthonia alpina Vest;2717639;1084996
Danthonia alpina Vest;2717640;1084996
Danthonia alpina Vest;2717644;1085000
Danthonia alpina Vest;2717646;1085002
Danthonia alpina Vest;2717648;1085004
Danthonia alpina Vest;2717649;1085005
Danthonia alpina Vest;2717652;1085007
Danthonia alpina Vest;2717699;1084963
Danthonia alpina Vest;2717656;1084953
Danthonia alpina Vest;2717640;1085014
Danthonia alpina Vest;2717652;1084928
Danthonia alpina Vest;2717376;1085609
Danthonia alpina Vest;2717665;1084916
Danthonia alpina Vest;2717654;1084930
Danthonia alpina Vest;2717662;1084927
Danthonia alpina Vest;2717659;1084950
Danthonia alpina Vest;2717650;1085010
Danthonia alpina Vest;2717677;1084929
Danthonia alpina Vest;2717686;1084952
Danthonia alpina Vest;2717610;1084983
Danthonia alpina Vest;2717650;1084995
Danthonia alpina Vest;2717616;1084996
Danthonia alpina Vest;2717597;1084976
Danthonia alpina Vest;2717593;1084976
Danthonia alpina Vest;2717619;1084976
Danthonia alpina Vest;2717620;1084980
Danthonia alpina Vest;2717618;1084980
Danthonia alpina Vest;2717645;1084984
Danthonia alpina Vest;2717618;1084995
Danthonia alpina Vest;2717642;1085012
Danthonia alpina Vest;2717613;1085000
Danthonia alpina Vest;2717616;1085010
Danthonia alpina Vest;2717618;1085010
Danthonia alpina Vest;2717616;1085018
Danthonia alpina Vest;2717630;1085021
Danthonia alpina Vest;2717631;1085023
Danthonia alpina Vest;2717632;1085023
Danthonia alpina Vest;2717642;1085031
Danthonia alpina Vest;2717640;1085026
Danthonia alpina Vest;2717642;1085020
Danthonia alpina Vest;2717639;1085016
Danthonia alpina Vest;2717695;1084966
Danthonia alpina Vest;2717617;1084983
Danthonia alpina Vest;2717088;1085657
Danthonia alpina Vest;2717542;1085283
Danthonia alpina Vest;2717544;1085282
Danthonia alpina Vest;2717554;1085282
Danthonia alpina Vest;2717550;1085286
Danthonia alpina Vest;2717550;1085278
Danthonia alpina Vest;2717552;1085278
Danthonia alpina Vest;2717555;1085275
Danthonia alpina Vest;2717318;1085706
Danthonia alpina Vest;2717103;1085671
Danthonia alpina Vest;2717104;1085677
Danthonia alpina Vest;2717104;1085662
Danthonia alpina Vest;2717704;1084960
Danthonia alpina Vest;2717093;1085656
Danthonia alpina Vest;2717548;1085264
Danthonia alpina Vest;2717088;1085659
Danthonia alpina Vest;2717089;1085662
Danthonia alpina Vest;2717094;1085661
Danthonia alpina Vest;2717099;1085652
Danthonia alpina Vest;2717092;1085658
Danthonia alpina Vest;2717088;1085657
Danthonia alpina Vest;2717085;1085658
Danthonia alpina Vest;2717080;1085659
Danthonia alpina Vest;2717076;1085663
Danthonia alpina Vest;2717377;1085607
Danthonia alpina Vest;2717389;1085432
Danthonia alpina Vest;2717095;1085499
Danthonia alpina Vest;2717537;1085274
Danthonia alpina Vest;2717693;1084974
Danthonia alpina Vest;2717668;1085029
Danthonia alpina Vest;2717669;1085031
Danthonia alpina Vest;2717666;1085039
Danthonia alpina Vest;2717519;1085264
Danthonia alpina Vest;2717524;1085268
Danthonia alpina Vest;2717528;1085277
Danthonia alpina Vest;2717531;1085280
Danthonia alpina Vest;2717549;1085272
Danthonia alpina Vest;2717535;1085276
Danthonia alpina Vest;2717546;1085268
Danthonia alpina Vest;2717540;1085271
Danthonia alpina Vest;2717540;1085269
Danthonia alpina Vest;2717529;1085265
Danthonia alpina Vest;2717525;1085264
Danthonia alpina Vest;2717529;1085247
Danthonia alpina Vest;2717529;1085245
Danthonia alpina Vest;2717535;1085225
Danthonia alpina Vest;2717539;1085232
Danthonia alpina Vest;2717541;1085237
Danthonia alpina Vest;2717543;1085241
Danthonia alpina Vest;2717543;1085244
Danthonia alpina Vest;2717645;1084916
Danthonia alpina Vest;2717533;1085280
Danthonia alpina Vest;2717582;1085181
Danthonia alpina Vest;2717596;1085221
Danthonia alpina Vest;2717567;1085208
Danthonia alpina Vest;2717565;1085229
Danthonia alpina Vest;2717568;1085236
Danthonia alpina Vest;2717569;1085251
Danthonia alpina Vest;2717568;1085272
Danthonia alpina Vest;2717567;1085282
Danthonia alpina Vest;2717575;1085281
Danthonia alpina Vest;2717571;1085257
Danthonia alpina Vest;2717573;1085251
Danthonia alpina Vest;2717570;1085250
Danthonia alpina Vest;2717574;1085210
Danthonia alpina Vest;2717552;1085265
Danthonia alpina Vest;2717579;1085183
Danthonia alpina Vest;2717554;1085269
Danthonia alpina Vest;2717586;1085244
Danthonia alpina Vest;2717587;1085279
Danthonia alpina Vest;2717573;1085281
Danthonia alpina Vest;2717566;1085264
Danthonia alpina Vest;2717572;1085258
Danthonia alpina Vest;2717574;1085257
Danthonia alpina Vest;2717576;1085257
Danthonia alpina Vest;2717581;1085259
Danthonia alpina Vest;2717577;1085259
Danthonia alpina Vest;2717578;1085263
Danthonia alpina Vest;2717580;1085262
Danthonia alpina Vest;2717592;1085257
Danthonia alpina Vest;2717574;1085199
Danthonia alpina Vest;2717377;1085482
Danthonia alpina Vest;2717388;1085441
Danthonia alpina Vest;2717390;1085444
Danthonia alpina Vest;2717385;1085446
Danthonia alpina Vest;2717358;1085515
Danthonia alpina Vest;2717367;1085518
Danthonia alpina Vest;2717366;1085520
Danthonia alpina Vest;2717369;1085523
Danthonia alpina Vest;2717371;1085527
Danthonia alpina Vest;2717373;1085526
Danthonia alpina Vest;2717654;1084932
Danthonia alpina Vest;2717371;1085511
Danthonia alpina Vest;2717571;1085193
Danthonia alpina Vest;2717371;1085481
Danthonia alpina Vest;2717378;1085493
Danthonia alpina Vest;2717381;1085469
Danthonia alpina Vest;2717371;1085474
Danthonia alpina Vest;2717368;1085479
Danthonia alpina Vest;2717370;1085482
Danthonia alpina Vest;2717324;1085562
Danthonia alpina Vest;2717324;1085560
Danthonia alpina Vest;2717327;1085559
Danthonia alpina Vest;2717321;1085584
Danthonia alpina Vest;2717319;1085575
Danthonia alpina Vest;2717313;1085557
Danthonia alpina Vest;2717310;1085558
Danthonia alpina Vest;2717555;1085270
Danthonia alpina Vest;2717371;1085486
Danthonia alpina Vest;2717633;1084952
Danthonia alpina Vest;2717634;1085154
Danthonia alpina Vest;2717571;1084952
Danthonia alpina Vest;2717623;1084941
Danthonia alpina Vest;2717624;1084940
Danthonia alpina Vest;2717607;1084934
Danthonia alpina Vest;2717609;1084933
Danthonia alpina Vest;2717626;1084951
Danthonia alpina Vest;2717624;1084947
Danthonia alpina Vest;2717631;1084951
Danthonia alpina Vest;2717635;1084961
Danthonia alpina Vest;2717640;1084914
Danthonia alpina Vest;2717643;1084920
Danthonia alpina Vest;2717646;1084926
Danthonia alpina Vest;2717631;1084978
Danthonia alpina Vest;2717629;1084977
Danthonia alpina Vest;2717630;1084974
Danthonia alpina Vest;2717651;1084996
Danthonia alpina Vest;2717628;1085002
Danthonia alpina Vest;2717624;1084991
Danthonia alpina Vest;2717595;1085216
Danthonia alpina Vest;2717377;1085512
Danthonia alpina Vest;2717631;1084948
Danthonia alpina Vest;2717607;1085195
Danthonia alpina Vest;2717613;1085178
Danthonia alpina Vest;2717601;1085205
Danthonia alpina Vest;2717603;1085210
Danthonia alpina Vest;2717595;1085234
Danthonia alpina Vest;2717632;1085005
Danthonia alpina Vest;2717617;1085218
Danthonia alpina Vest;2717601;1085239
Danthonia alpina Vest;2717615;1085201
Danthonia alpina Vest;2717617;1085191
Danthonia alpina Vest;2717619;1085191
Danthonia alpina Vest;2717623;1085233
Danthonia alpina Vest;2717608;1085238
Danthonia alpina Vest;2717623;1085235
Danthonia alpina Vest;2717634;1085168
Danthonia alpina Vest;2717635;1085170
Danthonia alpina Vest;2717628;1085203
Danthonia alpina Vest;2717629;1085198
Danthonia alpina Vest;2717631;1085192
Danthonia alpina Vest;2717623;1085186
Danthonia alpina Vest;2717628;1085210
Danthonia alpina Vest;2717621;1085184
Heteropogon contortus (L.) Roem. & Schult.;2720316;1095844
Heteropogon contortus (L.) Roem. & Schult.;2700504;1111682
Heteropogon contortus (L.) Roem. & Schult.;2720931;1096017
Heteropogon contortus (L.) Roem. & Schult.;2700504;1111682
Heteropogon contortus (L.) Roem. & Schult.;2700711;1111758
Heteropogon contortus (L.) Roem. & Schult.;2720804;1096010
Heteropogon contortus (L.) Roem. & Schult.;2720734;1095980
Heteropogon contortus (L.) Roem. & Schult.;2700464;1111669
Heteropogon contortus (L.) Roem. & Schult.;2724774;1121328
Heteropogon contortus (L.) Roem. & Schult.;2720724;1095983
Heteropogon contortus (L.) Roem. & Schult.;2701785;1112398
Heteropogon contortus (L.) Roem. & Schult.;2701717;1112106
Heteropogon contortus (L.) Roem. & Schult.;2724482;1120982
Heteropogon contortus (L.) Roem. & Schult.;2720731;1095981
Heteropogon contortus (L.) Roem. & Schult.;2712130;1091090
Heteropogon contortus (L.) Roem. & Schult.;2700477;1111684
Heteropogon contortus (L.) Roem. & Schult.;2720783;1095999
Heteropogon contortus (L.) Roem. & Schult.;2701483;1112244
Heteropogon contortus (L.) Roem. & Schult.;2701568;1112277
Heteropogon contortus (L.) Roem. & Schult.;2701784;1112407
Heteropogon contortus (L.) Roem. & Schult.;2720736;1095980
Heteropogon contortus (L.) Roem. & Schult.;2724287;1121022
Heteropogon contortus (L.) Roem. & Schult.;2700477;1111668
Heteropogon contortus (L.) Roem. & Schult.;2724140;1120947
Heteropogon contortus (L.) Roem. & Schult.;2725030;1121376
Heteropogon contortus (L.) Roem. & Schult.;2724466;1120912
Heteropogon contortus (L.) Roem. & Schult.;2720814;1096015
Heteropogon contortus (L.) Roem. & Schult.;2701788;1112402
Heteropogon contortus (L.) Roem. & Schult.;2720789;1096003
Heteropogon contortus (L.) Roem. & Schult.;2720740;1096005
Heteropogon contortus (L.) Roem. & Schult.;2724265;1120993
Heteropogon contortus (L.) Roem. & Schult.;2724271;1120993
Heteropogon contortus (L.) Roem. & Schult.;2720700;1116648
Heteropogon contortus (L.) Roem. & Schult.;2711938;1090996
Heteropogon contortus (L.) Roem. & Schult.;2720808;1096006
Heteropogon contortus (L.) Roem. & Schult.;2701785;1112412
Heteropogon contortus (L.) Roem. & Schult.;2722617;1097361
Heteropogon contortus (L.) Roem. & Schult.;2700504;1111682
Heteropogon contortus (L.) Roem. & Schult.;2700681;1111737
Heteropogon contortus (L.) Roem. & Schult.;2724778;1121105
Heteropogon contortus (L.) Roem. & Schult.;2711799;1090943
Heteropogon contortus (L.) Roem. & Schult.;2711820;1090924
Heteropogon contortus (L.) Roem. & Schult.;2722119;1096956
Heteropogon contortus (L.) Roem. & Schult.;2722216;1097037
