species;longitude;latitude;source
Asperula purpurea (L.) Ehrend.;8.99182377317947;46.00343737211;infoflora
Asperula purpurea (L.) Ehrend.;8.95290767446796;45.9758336509155;infoflora
Asperula purpurea (L.) Ehrend.;9.0221404482965;45.8662480736216;infoflora
Asperula purpurea (L.) Ehrend.;9.02047106457756;45.8664155623434;infoflora
Asperula purpurea (L.) Ehrend.;8.94374075324543;45.9742472228855;infoflora
Asperula purpurea (L.) Ehrend.;8.94394837575986;45.974289430254;infoflora
Asperula purpurea (L.) Ehrend.;8.94607946260887;45.9130358733124;infoflora
Asperula purpurea (L.) Ehrend.;8.9438925446764;45.9746050756093;infoflora
Asperula purpurea (L.) Ehrend.;8.94453720659595;45.9811463353051;infoflora
Asperula purpurea (L.) Ehrend.;8.9462713673201;45.8834961153415;infoflora
Asperula purpurea (L.) Ehrend.;8.94879750792975;45.9097064625763;infoflora
Asperula purpurea (L.) Ehrend.;8.94104315541603;45.912221617641;infoflora
Asperula purpurea (L.) Ehrend.;8.95309154476194;45.8920774692633;infoflora
Asperula purpurea (L.) Ehrend.;8.9439426558476;45.9745504225056;infoflora
Asperula purpurea (L.) Ehrend.;9.00478831274352;46.01567394482;infoflora
Asperula purpurea (L.) Ehrend.;8.94417400675334;45.9810792193323;infoflora
Asperula purpurea (L.) Ehrend.;8.99997637518212;46.0049980601305;infoflora
Asperula purpurea (L.) Ehrend.;8.98537940396797;45.9655039606102;infoflora
Asperula purpurea (L.) Ehrend.;8.9999188313184;45.9627568595194;infoflora
Asperula purpurea (L.) Ehrend.;8.99796797014418;46.0047469881054;infoflora
Asperula purpurea (L.) Ehrend.;9.00055606119958;46.0117289627398;infoflora
Asperula purpurea (L.) Ehrend.;8.98581930506086;46.017087887911;infoflora
Asperula purpurea (L.) Ehrend.;8.98581105722067;46.0177088102403;infoflora
Asperula purpurea (L.) Ehrend.;8.99762830768879;46.0046077373992;infoflora
Asperula purpurea (L.) Ehrend.;9.00114062606322;45.9626229277804;infoflora
Asperula purpurea (L.) Ehrend.;8.99714518737018;46.0152851674196;infoflora
Asperula purpurea (L.) Ehrend.;8.88431516499923;45.9638433821689;infoflora
Asperula purpurea (L.) Ehrend.;8.99927397783135;46.0070771695052;infoflora
Asperula purpurea (L.) Ehrend.;8.9939492388365;46.0091662541924;infoflora
Asperula purpurea (L.) Ehrend.;8.99200335074285;46.0147534191084;infoflora
Asperula purpurea (L.) Ehrend.;9.01030177125236;46.0237306568053;infoflora
Asperula purpurea (L.) Ehrend.;8.99079697200141;46.0154718437886;infoflora
Asperula purpurea (L.) Ehrend.;8.99757851414436;46.0146313650624;infoflora
Asperula purpurea (L.) Ehrend.;8.98583636308733;46.0012705340943;infoflora
Asperula purpurea (L.) Ehrend.;8.9283711754083;45.8922551080297;infoflora
Asperula purpurea (L.) Ehrend.;8.87929397311015;45.9608038655486;infoflora
Asperula purpurea (L.) Ehrend.;8.94374168767859;45.9752188964667;infoflora
Asperula purpurea (L.) Ehrend.;9.02061215273327;45.8663955800106;infoflora
Asperula purpurea (L.) Ehrend.;9.02075246171731;45.8663486170612;infoflora
Asperula purpurea (L.) Ehrend.;8.94137354715376;45.9716877093958;infoflora
Asperula purpurea (L.) Ehrend.;8.94419789064809;45.9749158877064;infoflora
Asperula purpurea (L.) Ehrend.;8.98051746469395;45.9715268446097;infoflora
Asperula purpurea (L.) Ehrend.;8.98957903982081;46.0071391961087;infoflora
Asperula purpurea (L.) Ehrend.;8.98647201323301;46.0068490676632;infoflora
Asperula purpurea (L.) Ehrend.;8.99083851330888;46.0078416134538;infoflora
Asperula purpurea (L.) Ehrend.;8.98906022176407;46.0070563714174;infoflora
Asperula purpurea (L.) Ehrend.;8.98720013445836;46.0070279942975;infoflora
Asperula purpurea (L.) Ehrend.;9.00134113219954;45.9402890931366;infoflora
Asperula purpurea (L.) Ehrend.;9.02290997967815;45.8697011181296;infoflora
Asperula purpurea (L.) Ehrend.;8.98654588239274;45.9693387070626;infoflora
Asperula purpurea (L.) Ehrend.;8.98843162124252;46.0071999866821;infoflora
Asperula purpurea (L.) Ehrend.;8.98067315455779;45.9701841316215;infoflora
Asperula purpurea (L.) Ehrend.;8.98164041664334;45.9692531553388;infoflora
Asperula purpurea (L.) Ehrend.;8.98975703627968;46.0074966325942;infoflora
Asperula purpurea (L.) Ehrend.;9.05233377850211;46.2280984192346;infoflora
Asperula purpurea (L.) Ehrend.;8.99931251276952;46.0048093277515;infoflora
Asperula purpurea (L.) Ehrend.;9.05948252995755;46.2321979729425;infoflora
Asperula purpurea (L.) Ehrend.;9.01559454527305;46.0133457427822;infoflora
Asperula purpurea (L.) Ehrend.;8.90660116470447;45.9568429619211;infoflora
Asperula purpurea (L.) Ehrend.;8.94706895763943;45.9779544351866;infoflora
Asperula purpurea (L.) Ehrend.;8.90759939670473;45.9570278610339;infoflora
Asperula purpurea (L.) Ehrend.;8.94779679933391;45.9772069110689;infoflora
Asperula purpurea (L.) Ehrend.;9.0100291207734;46.0241303433216;infoflora
Asperula purpurea (L.) Ehrend.;9.015896923896;46.04664056171;infoflora
Asperula purpurea (L.) Ehrend.;8.90402854260432;45.956633595303;infoflora
Asperula purpurea (L.) Ehrend.;9.01542816628325;46.0420404943745;infoflora
Asperula purpurea (L.) Ehrend.;9.00522776003707;46.0485709197584;infoflora
Asperula purpurea (L.) Ehrend.;9.02975172555776;46.0538505332505;infoflora
Asperula purpurea (L.) Ehrend.;9.00929299786268;46.0465978814181;infoflora
Asperula purpurea (L.) Ehrend.;8.93494643826667;45.9027841486859;infoflora
Asperula purpurea (L.) Ehrend.;8.95037599396978;45.9131940795818;infoflora
Asperula purpurea (L.) Ehrend.;8.95068270948101;45.9126321363103;infoflora
Asperula purpurea (L.) Ehrend.;9.01726863674294;46.0525235963826;infoflora
Asperula purpurea (L.) Ehrend.;8.98496942801622;45.9012610188508;infoflora
Asperula purpurea (L.) Ehrend.;8.95730304049179;45.9082782517884;infoflora
Asperula purpurea (L.) Ehrend.;8.9582807974489;45.9063576572127;infoflora
Asperula purpurea (L.) Ehrend.;8.95191457014306;45.9142979995949;infoflora
Asperula purpurea (L.) Ehrend.;9.00889984417308;46.0468552876289;infoflora
Asperula purpurea (L.) Ehrend.;8.95967379014344;45.9026860055818;infoflora
Asperula purpurea (L.) Ehrend.;8.95844888221832;45.9045199861182;infoflora
Asperula purpurea (L.) Ehrend.;9.01391602152852;46.0478469317822;infoflora
Asperula purpurea (L.) Ehrend.;8.95181294106974;45.9138855042711;infoflora
Asperula purpurea (L.) Ehrend.;8.95670716127569;45.9123529704795;infoflora
Asperula purpurea (L.) Ehrend.;8.99908654027312;46.0158880824358;infoflora
Asperula purpurea (L.) Ehrend.;8.98100536654579;46.0062133295165;infoflora
Asperula purpurea (L.) Ehrend.;8.98819743014886;46.0162454287957;infoflora
Asperula purpurea (L.) Ehrend.;8.98138722966614;46.0060191547694;infoflora
Asperula purpurea (L.) Ehrend.;8.94470564591389;45.9755478848351;infoflora
Asperula purpurea (L.) Ehrend.;9.00899671849592;46.0219134191849;infoflora
Asperula purpurea (L.) Ehrend.;8.98251598175999;46.0066694717012;infoflora
Asperula purpurea (L.) Ehrend.;9.0155145720813;46.0463759952377;infoflora
Asperula purpurea (L.) Ehrend.;9.00961612536781;46.0214459162649;infoflora
Asperula purpurea (L.) Ehrend.;8.98948999018884;46.0158317515406;infoflora
Asperula purpurea (L.) Ehrend.;9.02002324540357;45.866070982959;infoflora
Asperula purpurea (L.) Ehrend.;8.94971687797926;45.9822465109705;infoflora
Asperula purpurea (L.) Ehrend.;8.94918110594155;45.8806319589553;infoflora
Asperula purpurea (L.) Ehrend.;8.94696997994464;45.8826680083128;infoflora
Asperula purpurea (L.) Ehrend.;9.00066086529299;46.0117814920528;infoflora
Asperula purpurea (L.) Ehrend.;8.95133604846475;45.8933607072896;infoflora
Asperula purpurea (L.) Ehrend.;8.99165318702048;46.003340756507;infoflora
Asperula purpurea (L.) Ehrend.;8.98160476815446;45.9693616104412;infoflora
Asperula purpurea (L.) Ehrend.;8.94965311899704;45.9822743586288;infoflora
Asperula purpurea (L.) Ehrend.;8.94822292186351;45.9089674305448;infoflora
Asperula purpurea (L.) Ehrend.;8.93256801537101;45.8921273913351;infoflora
Asperula purpurea (L.) Ehrend.;8.94421196583038;45.9810517200631;infoflora
Asperula purpurea (L.) Ehrend.;8.94810642141146;45.9786063056919;infoflora
Asperula purpurea (L.) Ehrend.;8.95250322478571;45.982200056498;infoflora
Asperula purpurea (L.) Ehrend.;8.95227370207586;45.9818342626965;infoflora
Asperula purpurea (L.) Ehrend.;8.94751531729092;45.9094807689352;infoflora
Asperula purpurea (L.) Ehrend.;8.9337847149577;45.8918592869216;infoflora
Asperula purpurea (L.) Ehrend.;8.93510345647301;45.8915538218;infoflora
Asperula purpurea (L.) Ehrend.;8.93634976028509;45.8904845637783;infoflora
Asperula purpurea (L.) Ehrend.;8.94570300745545;45.8839086084458;infoflora
Asperula purpurea (L.) Ehrend.;8.93617123386593;45.9028038170037;infoflora
Asperula purpurea (L.) Ehrend.;8.94800041556085;45.8821953171143;infoflora
Asperula purpurea (L.) Ehrend.;8.93813867116969;45.9017069315222;infoflora
Asperula purpurea (L.) Ehrend.;8.94687909480549;45.8826422379829;infoflora
Asperula purpurea (L.) Ehrend.;8.95079941522566;45.912657556894;infoflora
Asperula purpurea (L.) Ehrend.;8.95016788071295;45.9135927489554;infoflora
Asperula purpurea (L.) Ehrend.;9.02276264299732;45.8695052598486;infoflora
Asperula purpurea (L.) Ehrend.;8.98642662168288;46.0175563932322;infoflora
Asperula purpurea (L.) Ehrend.;8.99735403323739;46.0153632512299;infoflora
Asperula purpurea (L.) Ehrend.;9.0560907848325;46.2297542443184;infoflora
Asperula purpurea (L.) Ehrend.;8.98662824013662;46.01965897403;infoflora
Asperula purpurea (L.) Ehrend.;9.05724763432101;46.2298546504622;infoflora
Asperula purpurea (L.) Ehrend.;8.95392896903298;45.9759008729337;infoflora
Asperula purpurea (L.) Ehrend.;8.94749960916907;45.9771929032584;infoflora
Asperula purpurea (L.) Ehrend.;9.01594884731777;46.0466488319546;infoflora
Asperula purpurea (L.) Ehrend.;9.00430270515445;46.0154017841107;infoflora
Asperula purpurea (L.) Ehrend.;8.94802107714076;45.9783195433333;infoflora
Asperula purpurea (L.) Ehrend.;8.88153429081003;45.9635731953523;infoflora
Asperula purpurea (L.) Ehrend.;8.94744974727669;45.9772565517407;infoflora
Asperula purpurea (L.) Ehrend.;8.95597642928785;45.9106354072895;infoflora
Asperula purpurea (L.) Ehrend.;8.94449777038153;45.9754966850765;infoflora
Asperula purpurea (L.) Ehrend.;8.94808557710857;45.9783186779401;infoflora
Asperula purpurea (L.) Ehrend.;8.94764324343794;45.9772539564325;infoflora
Asperula purpurea (L.) Ehrend.;8.951324658959;45.893414842765;infoflora
Asperula purpurea (L.) Ehrend.;8.95088637726882;45.9125394250545;infoflora
Asperula purpurea (L.) Ehrend.;8.94736614547811;45.9770327453634;infoflora
Asperula purpurea (L.) Ehrend.;8.99158993584826;46.0033866154122;infoflora
Asperula purpurea (L.) Ehrend.;8.94741749610542;45.977023059576;infoflora
Asperula purpurea (L.) Ehrend.;8.97951319660478;45.972062442024;infoflora
Asperula purpurea (L.) Ehrend.;8.99155224061717;46.0034231244442;infoflora
Asperula purpurea (L.) Ehrend.;8.9839582123225;46.0065327165198;infoflora
Asperula purpurea (L.) Ehrend.;8.98304642211159;46.0067071808298;infoflora
Asperula purpurea (L.) Ehrend.;9.00427869172564;46.015465098989;infoflora
Asperula purpurea (L.) Ehrend.;8.99345339464118;46.0089841622826;infoflora
Asperula purpurea (L.) Ehrend.;8.95141549247844;45.9811350331516;infoflora
Asperula purpurea (L.) Ehrend.;8.9474743060112;45.977211236838;infoflora
Asperula purpurea (L.) Ehrend.;9.0147487801571;46.045361018296;infoflora
Asperula purpurea (L.) Ehrend.;8.88521286484795;45.9621764008648;infoflora
Asperula purpurea (L.) Ehrend.;8.88038753135086;45.9606908860047;infoflora
Asperula purpurea (L.) Ehrend.;8.95903405154913;45.8921771283085;infoflora
Asperula purpurea (L.) Ehrend.;8.88703200431795;45.9616941440268;infoflora
Asperula purpurea (L.) Ehrend.;8.94543766058568;45.9763568182978;infoflora
Asperula purpurea (L.) Ehrend.;9.00113557189343;46.01212579707;infoflora
Asperula purpurea (L.) Ehrend.;8.90650993403094;45.9568081647882;infoflora
Asperula purpurea (L.) Ehrend.;8.98159136292381;45.9693437999822;infoflora
Asperula purpurea (L.) Ehrend.;9.01673182954101;46.0138246566435;infoflora
Asperula purpurea (L.) Ehrend.;8.98159187038;45.969361787368;infoflora
Asperula purpurea (L.) Ehrend.;8.9543898148355;45.9059333757827;infoflora
Asperula purpurea (L.) Ehrend.;9.01508782949244;46.0463639739316;infoflora
Asperula purpurea (L.) Ehrend.;9.01574653811608;46.046354752951;infoflora
Asperula purpurea (L.) Ehrend.;8.95446201940392;45.9085415431228;infoflora
Asperula purpurea (L.) Ehrend.;9.01536601221923;46.0479436097948;infoflora
Asperula purpurea (L.) Ehrend.;8.95187462723509;45.9109876266003;infoflora
Asperula purpurea (L.) Ehrend.;8.9543898148355;45.9059333757827;infoflora
Asperula purpurea (L.) Ehrend.;8.9539056573383;45.9093947696269;infoflora
Asperula purpurea (L.) Ehrend.;8.94838472967185;45.9096940157464;infoflora
Bromus erectus subsp. condensatus (Hack.) Asch. & Graebn.;8.99370163608547;46.0145320328542;infoflora
Bromus erectus subsp. condensatus (Hack.) Asch. & Graebn.;8.94417400675334;45.9810792193323;infoflora
Bromus erectus subsp. condensatus (Hack.) Asch. & Graebn.;8.99755061491092;46.0045998162659;infoflora
Bromus erectus subsp. condensatus (Hack.) Asch. & Graebn.;8.98537838663426;45.965467985889;infoflora
Bromus erectus subsp. condensatus (Hack.) Asch. & Graebn.;8.88503231556801;45.9621787229083;infoflora
Bromus erectus subsp. condensatus (Hack.) Asch. & Graebn.;8.88535543858365;45.9622015578743;infoflora
Bromus erectus subsp. condensatus (Hack.) Asch. & Graebn.;8.94903732146242;45.9749319889101;infoflora
Bromus erectus subsp. condensatus (Hack.) Asch. & Graebn.;8.95016278236771;45.975033834621;infoflora
Bromus erectus subsp. condensatus (Hack.) Asch. & Graebn.;8.9513514868516;45.9811538879979;infoflora
Bromus erectus subsp. condensatus (Hack.) Asch. & Graebn.;9.0192711438319;45.8658926349449;infoflora
Bromus erectus subsp. condensatus (Hack.) Asch. & Graebn.;9.00888382523899;46.0467475432017;infoflora
Bromus erectus subsp. condensatus (Hack.) Asch. & Graebn.;9.01433929425744;46.0128054880021;infoflora
Bromus erectus subsp. condensatus (Hack.) Asch. & Graebn.;8.90715975627467;45.9569886178957;infoflora
Bromus erectus subsp. condensatus (Hack.) Asch. & Graebn.;9.01710308744317;46.0499256864841;infoflora
Bromus erectus subsp. condensatus (Hack.) Asch. & Graebn.;8.74537354510634;46.1799452497139;infoflora
Bromus erectus subsp. condensatus (Hack.) Asch. & Graebn.;8.87984390137446;45.9611117127647;infoflora
Bromus erectus subsp. condensatus (Hack.) Asch. & Graebn.;8.99959464865782;46.0047424345015;infoflora
Bromus erectus subsp. condensatus (Hack.) Asch. & Graebn.;8.98643482158649;46.006903562434;infoflora
Bromus erectus subsp. condensatus (Hack.) Asch. & Graebn.;9.02022413337195;45.8663380671459;infoflora
Bromus erectus subsp. condensatus (Hack.) Asch. & Graebn.;8.88233040311168;45.9614756880632;infoflora
Bromus erectus subsp. condensatus (Hack.) Asch. & Graebn.;8.947956825406;45.9783294024658;infoflora
Bromus erectus subsp. condensatus (Hack.) Asch. & Graebn.;8.88677622203241;45.9617784103135;infoflora
Bromus erectus subsp. condensatus (Hack.) Asch. & Graebn.;8.9808542333708;45.9701996433773;infoflora
Bromus erectus subsp. condensatus (Hack.) Asch. & Graebn.;8.88010063920298;45.9610634378656;infoflora
Bromus erectus subsp. condensatus (Hack.) Asch. & Graebn.;9.01821622962383;45.9400892376044;infoflora
Bromus erectus subsp. condensatus (Hack.) Asch. & Graebn.;8.99375403749801;46.0145583007224;infoflora
Bromus erectus subsp. condensatus (Hack.) Asch. & Graebn.;9.075557748057;46.0635683415147;infoflora
Bromus erectus subsp. condensatus (Hack.) Asch. & Graebn.;8.98647615622655;45.9044162475736;infoflora
Bromus erectus subsp. condensatus (Hack.) Asch. & Graebn.;8.88502755932721;45.9619988450581;infoflora
Bromus erectus subsp. condensatus (Hack.) Asch. & Graebn.;9.00917494409804;46.0465365463256;infoflora
Bromus erectus subsp. condensatus (Hack.) Asch. & Graebn.;9.01442724562139;46.0458603698266;infoflora
Bromus erectus subsp. condensatus (Hack.) Asch. & Graebn.;8.99695232138469;46.0044461509488;infoflora
Bromus erectus subsp. condensatus (Hack.) Asch. & Graebn.;8.8800879800684;45.9610725970507;infoflora
Bromus erectus subsp. condensatus (Hack.) Asch. & Graebn.;8.99712567829933;46.0105258904391;infoflora
Bromus erectus subsp. condensatus (Hack.) Asch. & Graebn.;8.88509893786936;45.962258838673;infoflora
Bromus erectus subsp. condensatus (Hack.) Asch. & Graebn.;9.01267263003836;45.9240080163359;infoflora
Bromus erectus subsp. condensatus (Hack.) Asch. & Graebn.;9.01237787694798;45.9195855263881;infoflora
Bromus erectus subsp. condensatus (Hack.) Asch. & Graebn.;8.98821226045821;45.8819715444589;infoflora
Bromus erectus subsp. condensatus (Hack.) Asch. & Graebn.;8.74539987317213;46.179962938755;infoflora
Bromus erectus subsp. condensatus (Hack.) Asch. & Graebn.;9.01536601221923;46.0479436097948;infoflora
Bromus erectus subsp. condensatus (Hack.) Asch. & Graebn.;9.01536601221923;46.0479436097948;infoflora
Bromus erectus subsp. condensatus (Hack.) Asch. & Graebn.;9.01574653811608;46.046354752951;infoflora
Chrysopogon gryllus (L.) Trin.;8.73477913639012;46.1875796839696;infoflora
Chrysopogon gryllus (L.) Trin.;8.90917623421922;45.9528236501349;infoflora
Chrysopogon gryllus (L.) Trin.;8.99811318173461;46.313489223562;infoflora
Chrysopogon gryllus (L.) Trin.;8.74603671583693;46.1800545333007;infoflora
Chrysopogon gryllus (L.) Trin.;8.74442161787398;46.1802171685548;infoflora
Chrysopogon gryllus (L.) Trin.;8.78233941419966;46.1547699774858;infoflora
Chrysopogon gryllus (L.) Trin.;9.00478831274352;46.01567394482;infoflora
Chrysopogon gryllus (L.) Trin.;8.74445850701622;46.1806755807997;infoflora
Chrysopogon gryllus (L.) Trin.;8.7449617742361;46.1805977859237;infoflora
Chrysopogon gryllus (L.) Trin.;8.74606002258384;46.180486111887;infoflora
Chrysopogon gryllus (L.) Trin.;8.84332600894574;46.1833038431749;infoflora
Chrysopogon gryllus (L.) Trin.;8.99258641182266;46.0152762096105;infoflora
Chrysopogon gryllus (L.) Trin.;8.99571171716135;46.0084850886332;infoflora
Chrysopogon gryllus (L.) Trin.;8.74498723998502;46.180579497679;infoflora
Chrysopogon gryllus (L.) Trin.;8.74364820224475;46.2176889746366;infoflora
Chrysopogon gryllus (L.) Trin.;8.74407797036054;46.2172341683712;infoflora
Chrysopogon gryllus (L.) Trin.;8.98801600336982;46.1861170025565;infoflora
Chrysopogon gryllus (L.) Trin.;8.74623137298978;46.1800702733418;infoflora
Chrysopogon gryllus (L.) Trin.;8.642215565701;46.1671828903068;infoflora
Chrysopogon gryllus (L.) Trin.;9.05934264979182;46.2322899542574;infoflora
Chrysopogon gryllus (L.) Trin.;8.74800042294098;46.1949395619509;infoflora
Chrysopogon gryllus (L.) Trin.;8.99927500507666;46.0071131442735;infoflora
Chrysopogon gryllus (L.) Trin.;8.88512235238226;45.9621685680304;infoflora
Chrysopogon gryllus (L.) Trin.;8.96718353707319;45.8730197925369;infoflora
Chrysopogon gryllus (L.) Trin.;8.74617871623131;46.180034895641;infoflora
Chrysopogon gryllus (L.) Trin.;8.88492652879441;45.9620811168397;infoflora
Chrysopogon gryllus (L.) Trin.;8.87929360485114;45.9603000418045;infoflora
Chrysopogon gryllus (L.) Trin.;8.75101454431971;46.2092725736829;infoflora
Chrysopogon gryllus (L.) Trin.;9.05226279457972;46.2287652496242;infoflora
Chrysopogon gryllus (L.) Trin.;8.64246371676125;46.1672792080202;infoflora
Chrysopogon gryllus (L.) Trin.;8.74402331787038;46.2176576518384;infoflora
Chrysopogon gryllus (L.) Trin.;8.54794389493396;46.3004869909268;infoflora
Chrysopogon gryllus (L.) Trin.;8.72696852863482;46.1892434840322;infoflora
Chrysopogon gryllus (L.) Trin.;8.88506933996836;45.9621152681045;infoflora
Chrysopogon gryllus (L.) Trin.;8.64229502671705;46.1672630130684;infoflora
Chrysopogon gryllus (L.) Trin.;9.00467110406927;46.0156395862759;infoflora
Chrysopogon gryllus (L.) Trin.;8.74595816110089;46.180559265799;infoflora
Chrysopogon gryllus (L.) Trin.;8.95851407085704;45.8929399161834;infoflora
Chrysopogon gryllus (L.) Trin.;8.75303998670707;46.1541252965463;infoflora
Chrysopogon gryllus (L.) Trin.;8.91346898022328;45.9240220610668;infoflora
Chrysopogon gryllus (L.) Trin.;8.94846427752478;45.9102417656411;infoflora
Chrysopogon gryllus (L.) Trin.;8.90603597468062;46.1824884278655;infoflora
Chrysopogon gryllus (L.) Trin.;8.98913536537942;46.0069743612693;infoflora
Chrysopogon gryllus (L.) Trin.;8.72462022370621;46.1879926974192;infoflora
Chrysopogon gryllus (L.) Trin.;8.72094456214835;46.1864780396906;infoflora
Chrysopogon gryllus (L.) Trin.;8.72704878459826;46.1893505303427;infoflora
Chrysopogon gryllus (L.) Trin.;8.74640013350825;46.1800863129307;infoflora
Chrysopogon gryllus (L.) Trin.;8.74548770743774;46.1798449634641;infoflora
Chrysopogon gryllus (L.) Trin.;8.72665856465598;46.189283006201;infoflora
Chrysopogon gryllus (L.) Trin.;8.99530519708176;46.0082657802453;infoflora
Chrysopogon gryllus (L.) Trin.;8.72689082501298;46.1892443702704;infoflora
Chrysopogon gryllus (L.) Trin.;8.88515485785063;45.9619342292457;infoflora
Chrysopogon gryllus (L.) Trin.;8.88495469950047;45.9621707240883;infoflora
Chrysopogon gryllus (L.) Trin.;8.99650950668293;46.080866167625;infoflora
Chrysopogon gryllus (L.) Trin.;8.74391991837871;46.2165882204557;infoflora
Chrysopogon gryllus (L.) Trin.;8.71620010065442;46.1885380871701;infoflora
Chrysopogon gryllus (L.) Trin.;9.01233693962551;46.2724259639469;infoflora
Chrysopogon gryllus (L.) Trin.;8.87862174653574;46.4042970559046;infoflora
Chrysopogon gryllus (L.) Trin.;8.68721713932239;46.2047054310231;infoflora
Chrysopogon gryllus (L.) Trin.;8.68781547550834;46.2042399837395;infoflora
Chrysopogon gryllus (L.) Trin.;9.04315400382796;46.2342214564518;infoflora
Chrysopogon gryllus (L.) Trin.;9.04115863732592;46.2342677590218;infoflora
Chrysopogon gryllus (L.) Trin.;9.05719552981905;46.2298463991235;infoflora
Chrysopogon gryllus (L.) Trin.;9.04174001901501;46.2346374099084;infoflora
Chrysopogon gryllus (L.) Trin.;9.04121711371628;46.2349327450316;infoflora
Chrysopogon gryllus (L.) Trin.;9.04075317062438;46.2345884194262;infoflora
Chrysopogon gryllus (L.) Trin.;9.05783508180902;46.2299901964734;infoflora
Chrysopogon gryllus (L.) Trin.;9.05635531544095;46.2299304089676;infoflora
Chrysopogon gryllus (L.) Trin.;9.05508090413175;46.2293638034567;infoflora
Chrysopogon gryllus (L.) Trin.;9.05301986303355;46.2293752673698;infoflora
Chrysopogon gryllus (L.) Trin.;9.04109411410164;46.2347185488471;infoflora
Chrysopogon gryllus (L.) Trin.;9.02735262353889;46.2583419455113;infoflora
Chrysopogon gryllus (L.) Trin.;9.00405873045812;46.0154501633543;infoflora
Chrysopogon gryllus (L.) Trin.;8.782905911483;46.1551680930397;infoflora
Chrysopogon gryllus (L.) Trin.;9.00420587811657;46.015628062528;infoflora
Chrysopogon gryllus (L.) Trin.;9.00448082485878;46.0157591976408;infoflora
Chrysopogon gryllus (L.) Trin.;9.00460604547588;46.0156224967405;infoflora
Chrysopogon gryllus (L.) Trin.;9.00480019033523;46.0156377904824;infoflora
Chrysopogon gryllus (L.) Trin.;8.88499219959729;45.9621252570954;infoflora
Chrysopogon gryllus (L.) Trin.;8.87998955058633;45.9612537973046;infoflora
Chrysopogon gryllus (L.) Trin.;8.97827360496875;46.3639391683618;infoflora
Chrysopogon gryllus (L.) Trin.;8.75843278870036;46.1560326828246;infoflora
Chrysopogon gryllus (L.) Trin.;8.98874138166444;46.0071957212291;infoflora
Chrysopogon gryllus (L.) Trin.;9.03250001206938;46.2449802240408;infoflora
Chrysopogon gryllus (L.) Trin.;8.6422378819297;46.1670207128852;infoflora
Chrysopogon gryllus (L.) Trin.;8.74431642943007;46.2158279042361;infoflora
Chrysopogon gryllus (L.) Trin.;8.74323825131664;46.2189712609687;infoflora
Chrysopogon gryllus (L.) Trin.;8.74555508610556;46.1750938525981;infoflora
Chrysopogon gryllus (L.) Trin.;9.03516637870815;46.1975078774113;infoflora
Chrysopogon gryllus (L.) Trin.;8.68649602071786;46.2049023288688;infoflora
Chrysopogon gryllus (L.) Trin.;8.68659780154768;46.2048202340985;infoflora
Chrysopogon gryllus (L.) Trin.;8.68678204879153;46.2049441533466;infoflora
Chrysopogon gryllus (L.) Trin.;8.94152252561055;45.8930605838359;infoflora
Chrysopogon gryllus (L.) Trin.;8.86667507936734;46.1840906600673;infoflora
Chrysopogon gryllus (L.) Trin.;8.73082573404304;46.1896582615967;infoflora
Chrysopogon gryllus (L.) Trin.;8.94754209413578;45.8880045384846;infoflora
Chrysopogon gryllus (L.) Trin.;8.74494018957331;46.1807779723864;infoflora
Chrysopogon gryllus (L.) Trin.;8.74690619972089;46.1801254358416;infoflora
Chrysopogon gryllus (L.) Trin.;8.91380540633931;45.9561189005617;infoflora
Chrysopogon gryllus (L.) Trin.;8.94119085521612;45.8931819819624;infoflora
Chrysopogon gryllus (L.) Trin.;8.64263042018288;46.1672054574806;infoflora
Chrysopogon gryllus (L.) Trin.;8.91639209784623;45.9267637303684;infoflora
Chrysopogon gryllus (L.) Trin.;9.03296725052882;46.2401239916964;infoflora
Chrysopogon gryllus (L.) Trin.;8.94482689179292;45.8693812445859;infoflora
Chrysopogon gryllus (L.) Trin.;9.00517912883278;46.0171440602699;infoflora
Chrysopogon gryllus (L.) Trin.;8.91626870202542;46.1366313219147;infoflora
Chrysopogon gryllus (L.) Trin.;8.8850573948724;45.962151409528;infoflora
Chrysopogon gryllus (L.) Trin.;8.9613508200895;45.9078455897564;infoflora
Chrysopogon gryllus (L.) Trin.;8.96175445685406;45.9079930685612;infoflora
Chrysopogon gryllus (L.) Trin.;8.75960113429344;46.1989070792107;infoflora
Chrysopogon gryllus (L.) Trin.;8.73719355602825;46.1540927801227;infoflora
Chrysopogon gryllus (L.) Trin.;8.7587096626073;46.1984766525606;infoflora
Chrysopogon gryllus (L.) Trin.;8.70045278068731;46.1842617022917;infoflora
Chrysopogon gryllus (L.) Trin.;9.00498606691673;46.0158151498732;infoflora
Chrysopogon gryllus (L.) Trin.;9.00490758379393;46.015780252744;infoflora
Chrysopogon gryllus (L.) Trin.;9.0046721350273;46.0156755610285;infoflora
Chrysopogon gryllus (L.) Trin.;9.00473796695634;46.01571963159;infoflora
Chrysopogon gryllus (L.) Trin.;8.90723388030841;46.1822389294128;infoflora
Chrysopogon gryllus (L.) Trin.;8.88264742365308;45.9607788535023;infoflora
Chrysopogon gryllus (L.) Trin.;8.88362229693363;45.9605683997612;infoflora
Chrysopogon gryllus (L.) Trin.;8.88374745543713;45.9604228405105;infoflora
Chrysopogon gryllus (L.) Trin.;8.74326355407908;46.1810762551078;infoflora
Chrysopogon gryllus (L.) Trin.;9.00454407954233;46.0157133314291;infoflora
Chrysopogon gryllus (L.) Trin.;8.75227336345828;46.1540082649742;infoflora
Chrysopogon gryllus (L.) Trin.;8.95485531174658;46.1810607429359;infoflora
Chrysopogon gryllus (L.) Trin.;8.88001747579114;45.9613344118772;infoflora
Chrysopogon gryllus (L.) Trin.;9.00683113980727;45.8281174123627;infoflora
Chrysopogon gryllus (L.) Trin.;8.8800561643712;45.9613339160465;infoflora
Chrysopogon gryllus (L.) Trin.;8.88490192503906;45.9621264179763;infoflora
Chrysopogon gryllus (L.) Trin.;8.95815754916523;46.1810343501394;infoflora
Chrysopogon gryllus (L.) Trin.;8.74353379271844;46.2167006418051;infoflora
Chrysopogon gryllus (L.) Trin.;8.8877112849228;46.180682701143;infoflora
Chrysopogon gryllus (L.) Trin.;8.95391235913633;46.1811543754802;infoflora
Chrysopogon gryllus (L.) Trin.;8.95386631985574;46.1813619306227;infoflora
Chrysopogon gryllus (L.) Trin.;9.00416818286474;46.0156645758342;infoflora
Chrysopogon gryllus (L.) Trin.;8.94152252561055;45.8930605838359;infoflora
Chrysopogon gryllus (L.) Trin.;8.91579115612288;46.1381131102959;infoflora
Chrysopogon gryllus (L.) Trin.;8.72080126595257;46.1864436792442;infoflora
Chrysopogon gryllus (L.) Trin.;8.72650443292059;46.1893387445046;infoflora
Chrysopogon gryllus (L.) Trin.;8.92535106890912;45.9319358186811;infoflora
Chrysopogon gryllus (L.) Trin.;8.7098913173457;46.2518207143296;infoflora
Chrysopogon gryllus (L.) Trin.;8.73392064046529;46.1890650110325;infoflora
Chrysopogon gryllus (L.) Trin.;9.00520608969475;45.8284460160548;infoflora
Chrysopogon gryllus (L.) Trin.;8.95474128245514;46.1811522467341;infoflora
Chrysopogon gryllus (L.) Trin.;8.95365414899808;46.181184831829;infoflora
Chrysopogon gryllus (L.) Trin.;8.95840205549622;46.1809770760168;infoflora
Chrysopogon gryllus (L.) Trin.;8.97910959802152;46.0163701501807;infoflora
Chrysopogon gryllus (L.) Trin.;8.74632201157957;46.1800692238595;infoflora
Cleistogenes serotina (L.) Keng;8.99200803254592;46.0035607904513;infoflora
Cleistogenes serotina (L.) Keng;9.05706939409858;46.2290924123113;infoflora
Cleistogenes serotina (L.) Keng;8.99704471489065;46.0045168496602;infoflora
Cleistogenes serotina (L.) Keng;8.9978502760679;46.0046946351184;infoflora
Cleistogenes serotina (L.) Keng;8.99755010187903;46.0045818288788;infoflora
Cleistogenes serotina (L.) Keng;8.99818865651874;46.0047889166946;infoflora
Cleistogenes serotina (L.) Keng;9.05226279457972;46.2287652496242;infoflora
Cleistogenes serotina (L.) Keng;9.05226845096319;46.228081356937;infoflora
Cleistogenes serotina (L.) Keng;9.05948119090928;46.2321530044253;infoflora
Cleistogenes serotina (L.) Keng;9.0510734763054;46.2275675584204;infoflora
Cleistogenes serotina (L.) Keng;8.95290488446129;45.9752668702381;infoflora
Cleistogenes serotina (L.) Keng;8.94852140527927;45.8805328668962;infoflora
Cleistogenes serotina (L.) Keng;8.94883863436544;45.8808255019506;infoflora
Cleistogenes serotina (L.) Keng;8.94853453012974;45.880541687419;infoflora
Cleistogenes serotina (L.) Keng;8.94858580405004;45.8809998446223;infoflora
Cleistogenes serotina (L.) Keng;8.99836028536096;46.0049214971753;infoflora
Cleistogenes serotina (L.) Keng;8.94850902410363;45.8805510273492;infoflora
Cleistogenes serotina (L.) Keng;9.04654611146129;46.2296654988736;infoflora
Cleistogenes serotina (L.) Keng;8.99731676728034;46.0045490714618;infoflora
Cleistogenes serotina (L.) Keng;9.05522158524976;46.2292988085657;infoflora
Cleistogenes serotina (L.) Keng;8.99729146816539;46.0045674163044;infoflora
Cleistogenes serotina (L.) Keng;9.05719446013789;46.2298104242917;infoflora
Cleistogenes serotina (L.) Keng;9.05573046735058;46.2285357357121;infoflora
Cleistogenes serotina (L.) Keng;9.05634021791355;46.2298586447801;infoflora
Cleistogenes serotina (L.) Keng;8.94839759315318;45.8807144713666;infoflora
Cleistogenes serotina (L.) Keng;9.049531365461;46.2289031874876;infoflora
Cleistogenes serotina (L.) Keng;8.99814993826524;46.0047894531742;infoflora
Cleistogenes serotina (L.) Keng;8.94887602567773;45.8807800141351;infoflora
Cleistogenes serotina (L.) Keng;8.99808746068324;46.0048622968173;infoflora
Cleistogenes serotina (L.) Keng;9.0494533449059;46.2288953019968;infoflora
Cleistogenes serotina (L.) Keng;8.94733761669163;45.9769341598221;infoflora
Cleistogenes serotina (L.) Keng;8.88374745543713;45.9604228405105;infoflora
Cleistogenes serotina (L.) Keng;8.94870812865248;45.880764277983;infoflora
Cleistogenes serotina (L.) Keng;8.94882501351116;45.8807986941455;infoflora
Cleistogenes serotina (L.) Keng;8.99806190508041;46.0048716481413;infoflora
Cleistogenes serotina (L.) Keng;8.94849442513854;45.880956088288;infoflora
Cleistogenes serotina (L.) Keng;8.94872249322032;45.880818066779;infoflora
Danthonia alpina Vest;8.9498003924385;45.9035480083449;infoflora
Danthonia alpina Vest;8.94833772874281;45.9126636674304;infoflora
Danthonia alpina Vest;8.94838579462917;45.9125370631614;infoflora
Danthonia alpina Vest;8.94933993000762;45.9111476929504;infoflora
Danthonia alpina Vest;8.94830056318509;45.9127181489673;infoflora
Danthonia alpina Vest;8.94830031518599;45.9127091552668;infoflora
Danthonia alpina Vest;8.94836548185292;45.9127352708041;infoflora
Danthonia alpina Vest;8.94831245571054;45.9126820010553;infoflora
Danthonia alpina Vest;8.94837266213201;45.9125282425794;infoflora
Danthonia alpina Vest;8.94933993000762;45.9111476929504;infoflora
Danthonia alpina Vest;8.94922099487135;45.9110413275875;infoflora
Danthonia alpina Vest;8.94902574799208;45.9109719760678;infoflora
Danthonia alpina Vest;8.94849700310026;45.9109610883177;infoflora
Danthonia alpina Vest;8.94804655490465;45.9109851344213;infoflora
Danthonia alpina Vest;8.94793034986701;45.9109776983829;infoflora
Danthonia alpina Vest;8.94845096113204;45.9125631786485;infoflora
Danthonia alpina Vest;8.94837266213201;45.9125282425794;infoflora
Danthonia alpina Vest;8.94796233358003;45.9121378856727;infoflora
Danthonia alpina Vest;8.94804187153059;45.9122177905282;infoflora
Danthonia alpina Vest;8.94847747420021;45.9125898134928;infoflora
Danthonia alpina Vest;8.94916201794985;45.9046992153696;infoflora
Danthonia alpina Vest;8.95178709018639;45.9101520809764;infoflora
Danthonia alpina Vest;8.94859285501337;45.9097631952248;infoflora
Danthonia alpina Vest;8.94908124882692;45.9045743429485;infoflora
Danthonia alpina Vest;8.94752176634497;45.9101824504544;infoflora
Danthonia alpina Vest;8.94978726186926;45.9035391879397;infoflora
Danthonia alpina Vest;8.94892344942945;45.9049273482947;infoflora
Danthonia alpina Vest;8.94910800642979;45.9046099713026;infoflora
Danthonia alpina Vest;8.94845040152745;45.9102059639797;infoflora
Danthonia alpina Vest;8.95418156914426;45.9086532909113;infoflora
Danthonia alpina Vest;8.95412729660131;45.9085550555239;infoflora
Danthonia alpina Vest;8.95442821460051;45.9059238606736;infoflora
Danthonia alpina Vest;8.95149257714701;45.9111547179604;infoflora
Danthonia alpina Vest;8.95355812514371;45.9080139118942;infoflora
Danthonia alpina Vest;8.94822272774345;45.9112976637142;infoflora
Danthonia alpina Vest;8.94876019108103;45.9050824922512;infoflora
Danthonia alpina Vest;8.949986206739;45.9037434433434;infoflora
Danthonia alpina Vest;8.94865330547555;45.9096184303553;infoflora
Danthonia alpina Vest;8.95489729730356;45.90657431485;infoflora
Danthonia alpina Vest;8.94712631496314;45.9056532602327;infoflora
Danthonia alpina Vest;8.94752745265746;45.9089857695074;infoflora
Danthonia alpina Vest;8.94752695694666;45.9089677821121;infoflora
Danthonia alpina Vest;8.94752844408003;45.909021744298;infoflora
Danthonia alpina Vest;8.94747220034633;45.9088515561127;infoflora
Danthonia alpina Vest;8.947627299549;45.9088674672298;infoflora
Danthonia alpina Vest;8.94732106636822;45.9089795439495;infoflora
Danthonia alpina Vest;8.94762382935784;45.9087415554689;infoflora
Danthonia alpina Vest;8.94872094917699;45.9097344826352;infoflora
Danthonia alpina Vest;8.94882501207154;45.9097690721112;infoflora
Danthonia alpina Vest;8.94869344517162;45.9096718730751;infoflora
Danthonia alpina Vest;8.94921057293963;45.910663592343;infoflora
Danthonia alpina Vest;8.94830349336565;45.9109546914291;infoflora
Danthonia alpina Vest;8.94811444696844;45.9111101807875;infoflora
Danthonia alpina Vest;8.94830250139923;45.9109187166356;infoflora
Danthonia alpina Vest;8.94804854778116;45.9115249294612;infoflora
Danthonia alpina Vest;8.94763943955432;45.9088403131053;infoflora
Danthonia alpina Vest;8.95427934679475;45.9079951880005;infoflora
Danthonia alpina Vest;8.9491862945748;45.9046449068181;infoflora
Danthonia alpina Vest;8.9509822219362;45.9085434511456;infoflora
Danthonia alpina Vest;8.95090243662122;45.9084545547233;infoflora
Danthonia alpina Vest;8.95438713965312;45.9063022904363;infoflora
Danthonia alpina Vest;8.954001645229;45.9063434787191;infoflora
Danthonia alpina Vest;8.95139202678889;45.9117138881018;infoflora
Danthonia alpina Vest;8.95140590509257;45.9117496894078;infoflora
Danthonia alpina Vest;8.95137988800717;45.9117410426429;infoflora
Danthonia alpina Vest;8.95136700371689;45.9117412161046;infoflora
Danthonia alpina Vest;8.95132859933799;45.9117507301736;infoflora
Danthonia alpina Vest;8.95104887157684;45.9118894512624;infoflora
Danthonia alpina Vest;8.95140441406319;45.9116957272521;infoflora
Danthonia alpina Vest;8.94913088004708;45.9129139220296;infoflora
Danthonia alpina Vest;8.95483611958172;45.9066921019869;infoflora
Danthonia alpina Vest;8.95401203914771;45.906253368153;infoflora
Danthonia alpina Vest;8.95398726878628;45.9062896904;infoflora
Danthonia alpina Vest;8.95393623458336;45.9063083727957;infoflora
Danthonia alpina Vest;8.95397513249627;45.9063168452018;infoflora
Danthonia alpina Vest;8.9541958861498;45.9063768468224;infoflora
Danthonia alpina Vest;8.95410470931817;45.9063420885651;infoflora
Danthonia alpina Vest;8.9541658882222;45.9062243018327;infoflora
Danthonia alpina Vest;8.94780252180333;45.9124189401978;infoflora
Danthonia alpina Vest;8.95304557717692;45.9085876350052;infoflora
Danthonia alpina Vest;8.95302080511699;45.9086239570504;infoflora
Danthonia alpina Vest;8.9531382497308;45.9086763562441;infoflora
Danthonia alpina Vest;8.95317615407332;45.9086488541898;infoflora
Danthonia alpina Vest;8.95439877779048;45.9062571482313;infoflora
Danthonia alpina Vest;8.94872154288772;45.9050830117309;infoflora
Danthonia alpina Vest;8.94882510083762;45.905099613802;infoflora
Danthonia alpina Vest;8.94875696655902;45.9049655742807;infoflora
Danthonia alpina Vest;8.95438639274132;45.9062753093982;infoflora
Danthonia alpina Vest;8.94895045517345;45.9049719703777;infoflora
Danthonia alpina Vest;8.95435789205701;45.9080391136111;infoflora
Danthonia alpina Vest;8.948972995605;45.9048547060443;infoflora
Danthonia alpina Vest;8.94891031867079;45.9049185277852;infoflora
Danthonia alpina Vest;8.94924624157232;45.9044821543535;infoflora
Danthonia alpina Vest;8.94924080762702;45.9108251324429;infoflora
Danthonia alpina Vest;8.95077692828911;45.9099767426657;infoflora
Danthonia alpina Vest;8.95344316977901;45.9080514499805;infoflora
Danthonia alpina Vest;8.94859953796855;45.9095381796779;infoflora
Danthonia alpina Vest;8.94862530552898;45.9095378333878;infoflora
Danthonia alpina Vest;8.94861192567651;45.9095200191416;infoflora
Danthonia alpina Vest;8.94861142960453;45.9095020317497;infoflora
Danthonia alpina Vest;8.94792511043411;45.9089174492819;infoflora
Danthonia alpina Vest;8.95078881858252;45.9099405945046;infoflora
Danthonia alpina Vest;8.95367625815303;45.9076254463347;infoflora
Danthonia alpina Vest;8.9536133346777;45.9076802770427;infoflora
Danthonia alpina Vest;8.95078881858252;45.9099405945046;infoflora
Danthonia alpina Vest;8.94786813732819;45.9096559708313;infoflora
Danthonia alpina Vest;8.95365646408179;45.9078416421705;infoflora
Danthonia alpina Vest;8.95150807845138;45.9098499388744;infoflora
Danthonia alpina Vest;8.94853091608431;45.9098539978852;infoflora
Danthonia alpina Vest;8.94843057332822;45.9099543135883;infoflora
Danthonia alpina Vest;8.94857279205301;45.9099703965264;infoflora
Danthonia alpina Vest;8.9485589160534;45.9099345948797;infoflora
Danthonia alpina Vest;8.94859731963874;45.9099250817599;infoflora
Danthonia alpina Vest;8.94782849426521;45.9096205152124;infoflora
Danthonia alpina Vest;8.95166144188793;45.9098028885933;infoflora
Danthonia alpina Vest;8.94858145937289;45.909817330545;infoflora
Danthonia alpina Vest;8.95152170784306;45.9098767464667;infoflora
Danthonia alpina Vest;8.95170183320239;45.9098653239298;infoflora
Danthonia alpina Vest;8.95143400589881;45.909967897685;infoflora
Danthonia alpina Vest;8.95142978137971;45.90981500495;infoflora
Danthonia alpina Vest;8.95152121081159;45.9098587590866;infoflora
Danthonia alpina Vest;8.94924031133674;45.9108071450505;infoflora
Danthonia alpina Vest;8.95176202700024;45.9097115636937;infoflora
Danthonia alpina Vest;8.95078832179135;45.9099226071211;infoflora
Danthonia alpina Vest;8.95350061953399;45.9077987583323;infoflora
Danthonia alpina Vest;8.94770857383401;45.9094781734813;infoflora
Danthonia alpina Vest;8.9478260151915;45.9095305782351;infoflora
Danthonia alpina Vest;8.94774821671623;45.9095136291418;infoflora
Danthonia alpina Vest;8.94781511465194;45.9096027008712;infoflora
Danthonia alpina Vest;8.9533891479719;45.9079622079286;infoflora
Danthonia alpina Vest;8.94854131967959;45.9097638877841;infoflora
Danthonia alpina Vest;8.94854280783434;45.9098178499628;infoflora
Danthonia alpina Vest;8.95391413136942;45.9078381674011;infoflora
Danthonia alpina Vest;8.9488515239689;45.9097957068568;infoflora
Danthonia alpina Vest;8.94881411280074;45.9098411948469;infoflora
Danthonia alpina Vest;8.9486857703864;45.909860913847;infoflora
Danthonia alpina Vest;8.95352489323067;45.907744448819;infoflora
Danthonia alpina Vest;8.94784113015739;45.9096113484588;infoflora
Danthonia alpina Vest;8.94807681488068;45.912550211291;infoflora
Danthonia alpina Vest;8.9484990266681;45.9124365743327;infoflora
Danthonia alpina Vest;8.94854040846676;45.9125349856279;infoflora
Danthonia alpina Vest;8.94848887052219;45.9125356781627;infoflora
Danthonia alpina Vest;8.94834689316202;45.9125285888114;infoflora
Danthonia alpina Vest;8.94821780032252;45.9125213261816;infoflora
Danthonia alpina Vest;8.94816725429222;45.9125579933711;infoflora
Danthonia alpina Vest;8.94809118715551;45.912604000412;infoflora
Danthonia alpina Vest;8.9479365731062;45.9126060773272;infoflora
Danthonia alpina Vest;8.94861465407814;45.9096189497978;infoflora
Danthonia alpina Vest;8.94798637549491;45.9125424291382;infoflora
Danthonia alpina Vest;8.94835680155661;45.9124204912942;infoflora
Danthonia alpina Vest;8.94820392390919;45.9124855244784;infoflora
Danthonia alpina Vest;8.94822944487338;45.9124761845789;infoflora
Danthonia alpina Vest;8.94827775883909;45.9123585740597;infoflora
Danthonia alpina Vest;8.94831641217452;45.9123580547334;infoflora
Danthonia alpina Vest;8.94834292507788;45.9123846896087;infoflora
Danthonia alpina Vest;8.94838133042022;45.91237517656;infoflora
Danthonia alpina Vest;8.94826388242775;45.9123227723647;infoflora
Danthonia alpina Vest;8.94827651887116;45.9123136055589;infoflora
Danthonia alpina Vest;8.9479358292901;45.9125790962235;infoflora
Danthonia alpina Vest;8.94831245571054;45.9126820010553;infoflora
Danthonia alpina Vest;8.94837712632758;45.9126901291846;infoflora
Danthonia alpina Vest;8.94836473782364;45.9127082897027;infoflora
Danthonia alpina Vest;8.94832658024803;45.9127267964466;infoflora
Danthonia alpina Vest;8.94828693466451;45.912691340974;infoflora
Danthonia alpina Vest;8.94824753712249;45.9126648791881;infoflora
Danthonia alpina Vest;8.94822176808739;45.9126652253913;infoflora
Danthonia alpina Vest;8.94822251204561;45.9126922064934;infoflora
Danthonia alpina Vest;8.9482356445579;45.9127010270932;infoflora
Danthonia alpina Vest;8.94837092606302;45.9124652866783;infoflora
Danthonia alpina Vest;8.9483127037115;45.9126909947558;infoflora
Danthonia alpina Vest;8.9483570495637;45.9124294849943;infoflora
Danthonia alpina Vest;8.94829932319042;45.9126731804646;infoflora
Danthonia alpina Vest;8.94828594267805;45.9126553661717;infoflora
Danthonia alpina Vest;8.94818088272099;45.9125848013785;infoflora
Danthonia alpina Vest;8.94838678667916;45.9125730379623;infoflora
Danthonia alpina Vest;8.94838728270464;45.9125910253627;infoflora
Danthonia alpina Vest;8.94838777873045;45.9126090127632;infoflora
Danthonia alpina Vest;8.94838827475657;45.9126270001638;infoflora
Danthonia alpina Vest;8.94847127353454;45.912364970995;infoflora
Danthonia alpina Vest;8.94799355718244;45.9123354009436;infoflora
Danthonia alpina Vest;8.94826215758801;45.9127276619888;infoflora
Danthonia alpina Vest;8.94930646881236;45.9108692348195;infoflora
Danthonia alpina Vest;8.94783869596679;45.9123284840234;infoflora
Danthonia alpina Vest;8.95173700502892;45.9097388917717;infoflora
Danthonia alpina Vest;8.94962236587037;45.9106400613606;infoflora
Danthonia alpina Vest;8.94957082972369;45.9106407543922;infoflora
Danthonia alpina Vest;8.94963400886176;45.9105949196235;infoflora
Danthonia alpina Vest;8.94969867720941;45.9106030469891;infoflora
Danthonia alpina Vest;8.95406300646709;45.9076292275723;infoflora
Danthonia alpina Vest;8.94870212697598;45.9099866524405;infoflora
Danthonia alpina Vest;8.94901483120679;45.9105762534163;infoflora
Danthonia alpina Vest;8.94857600267999;45.909619469227;infoflora
Danthonia alpina Vest;8.94901656795762;45.9106392092914;infoflora
Danthonia alpina Vest;8.95388936022526;45.9078744896343;infoflora
Danthonia alpina Vest;8.94870682508773;45.909689687312;infoflora
Danthonia alpina Vest;8.94882228328231;45.9096701414581;infoflora
Danthonia alpina Vest;8.9509022892501;45.9098490969782;infoflora
Danthonia alpina Vest;8.95344565801725;45.9081413868174;infoflora
Danthonia alpina Vest;8.95329155437237;45.9081614584732;infoflora
Danthonia alpina Vest;8.94888446960093;45.9095883323346;infoflora
Danthonia alpina Vest;8.94968112353416;45.9113680309066;infoflora
Danthonia alpina Vest;8.94901830471241;45.9107021651669;infoflora
Danthonia alpina Vest;8.95330170100661;45.9080623542664;infoflora
Danthonia alpina Vest;8.94802725145372;45.9121550077034;infoflora
Danthonia alpina Vest;8.9480547559434;45.912217617448;infoflora
Danthonia alpina Vest;8.94795292033755;45.9122639705522;infoflora
Danthonia alpina Vest;8.94920190724404;45.9108166583911;infoflora
Danthonia alpina Vest;8.94918877502797;45.9108078379067;infoflora
Danthonia alpina Vest;8.95189633379469;45.9099076897188;infoflora
Danthonia alpina Vest;8.95192185292687;45.9098983489832;infoflora
Danthonia alpina Vest;8.9490269709032;45.9105490991354;infoflora
Danthonia alpina Vest;8.9489922885024;45.9106935178504;infoflora
Danthonia alpina Vest;8.94796828418655;45.9123537344902;infoflora
Danthonia alpina Vest;8.9519463777077;45.9098530334852;infoflora
Danthonia alpina Vest;8.9518433069531;45.9098544216575;infoflora
Danthonia alpina Vest;8.95180440685661;45.9098459485083;infoflora
Danthonia alpina Vest;8.94904432093064;45.9107108124773;infoflora
Danthonia alpina Vest;8.94922420140823;45.9106904002168;infoflora
Danthonia alpina Vest;8.94948486060049;45.9107948599648;infoflora
Danthonia alpina Vest;8.94904308036953;45.9106658439949;infoflora
Danthonia alpina Vest;8.94901731228062;45.9106661903808;infoflora
Danthonia alpina Vest;8.9491243546402;45.9108087039437;infoflora
Danthonia alpina Vest;8.94764417246096;45.9108825747956;infoflora
Danthonia alpina Vest;8.947615187416;45.911233848192;infoflora
Danthonia alpina Vest;8.94745784236616;45.910201302934;infoflora
Danthonia alpina Vest;8.95326946550164;45.9078288658487;infoflora
Danthonia alpina Vest;8.94759089557366;45.9103524656193;infoflora
Danthonia alpina Vest;8.94755447444194;45.9104339279902;infoflora
Danthonia alpina Vest;8.94755497017483;45.9104519153889;infoflora
Danthonia alpina Vest;8.94770462667011;45.9107378104153;infoflora
Danthonia alpina Vest;8.94746973490045;45.9101651551237;infoflora
Danthonia alpina Vest;8.94770735349129;45.9108367411097;infoflora
Danthonia alpina Vest;8.94745635527092;45.9101473407383;infoflora
Danthonia alpina Vest;8.94760502440802;45.9108651064911;infoflora
Danthonia alpina Vest;8.9476189000192;45.9109009082601;infoflora
Danthonia alpina Vest;8.95351176105459;45.9077356288438;infoflora
Danthonia alpina Vest;8.94775344278236;45.9111060329683;infoflora
Danthonia alpina Vest;8.94757207315723;45.9110724806729;infoflora
Danthonia alpina Vest;8.94756315494252;45.9112165529018;infoflora
Danthonia alpina Vest;8.94948388940787;45.9112267306135;infoflora
Danthonia alpina Vest;8.94777152603026;45.910826882186;infoflora
Danthonia alpina Vest;8.94762384631828;45.9101450914523;infoflora
Danthonia alpina Vest;8.94829257043962;45.9100911233238;infoflora
Danthonia alpina Vest;8.9484902934366;45.9102504130793;infoflora
Danthonia alpina Vest;8.95331135000129;45.9079452626925;infoflora
Danthonia alpina Vest;8.94855570529738;45.9102855221938;infoflora
Danthonia alpina Vest;8.94855620135801;45.9103035095879;infoflora
Danthonia alpina Vest;8.94853092948915;45.9103218432563;infoflora
Danthonia alpina Vest;8.94815109537207;45.9101020211235;infoflora
Danthonia alpina Vest;8.95328284645715;45.9078466795361;infoflora
Danthonia alpina Vest;8.94757280634904;45.910163770965;infoflora
Danthonia alpina Vest;8.94772940976487;45.9111693349573;infoflora
Danthonia alpina Vest;8.94771725639331;45.9102607982786;infoflora
Danthonia alpina Vest;8.94771651271665;45.9102338171822;infoflora
Danthonia alpina Vest;8.94769049693507;45.9102251695649;infoflora
Danthonia alpina Vest;8.94766423327828;45.9102075282427;infoflora
Danthonia alpina Vest;8.94754753421542;45.9101821044116;infoflora
Danthonia alpina Vest;8.94749550276308;45.9101648090928;infoflora
Danthonia alpina Vest;8.94743133095083;45.9101746678581;infoflora
Danthonia alpina Vest;8.94759882208283;45.9101724186094;infoflora
Danthonia alpina Vest;8.94840483022156;45.9108903506185;infoflora
Danthonia alpina Vest;8.94762856736268;45.9112516625611;infoflora
Danthonia alpina Vest;8.95357686774168;45.9072938961241;infoflora
Danthonia alpina Vest;8.94799501841344;45.9109858267297;infoflora
Danthonia alpina Vest;8.9479816384124;45.910968012405;infoflora
Danthonia alpina Vest;8.94803292693964;45.9109583264036;infoflora
Danthonia alpina Vest;8.94800715870673;45.9109586725577;infoflora
Danthonia alpina Vest;8.948033174887;45.9109673201027;infoflora
Danthonia alpina Vest;8.95347429949735;45.9073132731587;infoflora
Danthonia alpina Vest;8.94817514815622;45.9109744098481;infoflora
Danthonia alpina Vest;8.95343589859175;45.9073227879433;infoflora
Danthonia alpina Vest;8.94834065772207;45.9109002099042;infoflora
Danthonia alpina Vest;8.9535947278768;45.9074735960584;infoflora
Danthonia alpina Vest;8.94833099756883;45.9110173010958;infoflora
Danthonia alpina Vest;8.95358109806749;45.9074467887265;infoflora
Danthonia alpina Vest;8.95354269708675;45.9074563035477;infoflora
Danthonia alpina Vest;8.94848337492057;45.9109342803547;infoflora
Danthonia alpina Vest;8.94808495931622;45.9109756214756;infoflora
Danthonia alpina Vest;8.94781538441914;45.9110152307217;infoflora
Danthonia alpina Vest;8.94775517809869;45.911168988867;infoflora
Danthonia alpina Vest;8.94779159942141;45.9110875264229;infoflora
Danthonia alpina Vest;8.94784412767837;45.9111228090061;infoflora
Danthonia alpina Vest;8.94793208538285;45.9110406542778;infoflora
Danthonia alpina Vest;8.94793332503944;45.9110856227745;infoflora
Danthonia alpina Vest;8.94790755674598;45.9110859689057;infoflora
Danthonia alpina Vest;8.94784288809425;45.9110778405082;infoflora
Danthonia alpina Vest;8.95350006597996;45.9073129257501;infoflora
Danthonia alpina Vest;8.94781637606708;45.9110512055199;infoflora
Danthonia alpina Vest;8.94858989252065;45.9101231162284;infoflora
Danthonia alpina Vest;8.95345992331865;45.9072594847649;infoflora
Danthonia alpina Vest;8.94785329305594;45.9109877304561;infoflora
Danthonia alpina Vest;8.94786518550021;45.9109515826;infoflora
Danthonia alpina Vest;8.9478904578829;45.9109332490799;infoflora
Danthonia alpina Vest;8.9479177136742;45.9109868651481;infoflora
Danthonia alpina Vest;8.94795661397909;45.9109953396448;infoflora
Danthonia alpina Vest;8.95343490331652;45.9072868132124;infoflora
Danthonia alpina Vest;8.94781687189154;45.9110691929191;infoflora
Danthonia alpina Vest;8.94800865530236;45.9114804801968;infoflora
Danthonia alpina Vest;8.94843454146974;45.9100982127399;infoflora
Danthonia alpina Vest;8.94849650705323;45.9109431009217;infoflora
Danthonia alpina Vest;8.94997748605463;45.9118318908327;infoflora
Danthonia alpina Vest;8.94803640738265;45.9115520836399;infoflora
Danthonia alpina Vest;8.94807506015072;45.9115515643966;infoflora
Danthonia alpina Vest;8.94812634920837;45.9115418783519;infoflora
Danthonia alpina Vest;8.94810033274028;45.9115332308278;infoflora
Danthonia alpina Vest;8.94940310992442;45.9111018583087;infoflora
Danthonia alpina Vest;8.94802104364631;45.9114623197211;infoflora
Danthonia alpina Vest;8.94935157334016;45.9111025512396;infoflora
Danthonia alpina Vest;8.94813675379196;45.9114517682677;infoflora
Danthonia alpina Vest;8.95075208930626;45.9090773735364;infoflora
Danthonia alpina Vest;8.94814889411841;45.9114246140786;infoflora
Danthonia alpina Vest;8.94805820862882;45.9114078382859;infoflora
Danthonia alpina Vest;8.94827476050262;45.9113149586991;infoflora
Danthonia alpina Vest;8.94820909961438;45.9112708557166;infoflora
Danthonia alpina Vest;8.95315351522784;45.9078304289025;infoflora
Danthonia alpina Vest;8.94805969635113;45.911461800483;infoflora
Danthonia alpina Vest;8.9490381358834;45.910953815481;infoflora
Danthonia alpina Vest;8.94948066298426;45.9111098125641;infoflora
Danthonia alpina Vest;8.94942664462311;45.9110205685696;infoflora
Danthonia alpina Vest;8.95227012351112;45.9089759599834;infoflora
Danthonia alpina Vest;8.94936048682827;45.9109584788699;infoflora
Danthonia alpina Vest;8.94934710638937;45.9109406647077;infoflora
Danthonia alpina Vest;8.952295890784;45.9089756128512;infoflora
Danthonia alpina Vest;8.94925617318567;45.9109148961874;infoflora
Danthonia alpina Vest;8.94941080333017;45.9113806628959;infoflora
Danthonia alpina Vest;8.94901261576717;45.9109631555626;infoflora
Danthonia alpina Vest;8.94899923544038;45.9109453413589;infoflora
Danthonia alpina Vest;8.94914294568624;45.9110153857596;infoflora
Danthonia alpina Vest;8.94918209433778;45.9110328535286;infoflora
Danthonia alpina Vest;8.94920786259832;45.911032507105;infoflora
Danthonia alpina Vest;8.95228375305867;45.90900276748;infoflora
Danthonia alpina Vest;8.94920811073909;45.9110415008015;infoflora
Danthonia alpina Vest;8.94931267274284;45.9110940772259;infoflora
Danthonia alpina Vest;8.94909957897228;45.9108450251343;infoflora
Danthonia alpina Vest;8.94851531726271;45.9102230857231;infoflora
Danthonia alpina Vest;8.9486263119043;45.910041653525;infoflora
Danthonia alpina Vest;8.94858790824219;45.9100511666548;infoflora
Danthonia alpina Vest;8.94852249664076;45.9100160575601;infoflora
Danthonia alpina Vest;8.9485098607692;45.9100252243909;infoflora
Danthonia alpina Vest;8.94847170511371;45.9100437311778;infoflora
Danthonia alpina Vest;8.94843330142329;45.9100532442547;infoflora
Danthonia alpina Vest;8.94835525402067;45.9100273018834;infoflora
Danthonia alpina Vest;8.95316565226143;45.9078032741839;infoflora
Danthonia alpina Vest;8.94844990550245;45.9101879765854;infoflora
Danthonia alpina Vest;8.94871625113791;45.9100314477661;infoflora
Danthonia alpina Vest;8.94855272894037;45.9101775978303;infoflora
Danthonia alpina Vest;8.94860426466357;45.9101769052658;infoflora
Danthonia alpina Vest;8.94863052860878;45.9101945463682;infoflora
Danthonia alpina Vest;8.94870659194247;45.9101485389763;infoflora
Danthonia alpina Vest;8.94866769212315;45.9101400647405;infoflora
Danthonia alpina Vest;8.94862879231587;45.9101315904912;infoflora
Danthonia alpina Vest;8.94950742404037;45.911145440856;infoflora
Danthonia alpina Vest;8.94828167040285;45.9101632460107;infoflora
Danthonia alpina Vest;8.95351742820283;45.9074746383315;infoflora
Danthonia alpina Vest;8.94856362862281;45.9101054751168;infoflora
Danthonia alpina Vest;8.95346937863731;45.9076012447119;infoflora
Danthonia alpina Vest;8.9481540912953;45.9111456363131;infoflora
Danthonia alpina Vest;8.94816647951515;45.9111274758221;infoflora
Danthonia alpina Vest;8.94847545120979;45.9111143274465;infoflora
Danthonia alpina Vest;8.94841627593231;45.9127075972248;infoflora
Danthonia alpina Vest;8.94848436700616;45.9109702551467;infoflora
Danthonia alpina Vest;8.94863894776016;45.910032486681;infoflora
Danthonia alpina Vest;8.95346664155935;45.9075023141994;infoflora
Danthonia alpina Vest;8.94869097944832;45.9100497814699;infoflora
Danthonia alpina Vest;8.9484328305344;45.9109709476561;infoflora
Danthonia alpina Vest;8.948686266486;45.9098789012394;infoflora
Danthonia alpina Vest;8.94877744576507;45.9099136639131;infoflora
Danthonia alpina Vest;8.94875291833359;45.9099589787188;infoflora
Danthonia alpina Vest;8.94876654640271;45.9099857866455;infoflora
Danthonia alpina Vest;8.948753910579;45.9099949535037;infoflora
Danthonia alpina Vest;8.94874152281057;45.9100131140568;infoflora
Danthonia alpina Vest;8.95315227135468;45.9077854604827;infoflora
Danthonia alpina Vest;8.95165439471911;45.9114134532043;infoflora
Danthonia alpina Vest;8.95152771126715;45.9105604404237;infoflora
Danthonia alpina Vest;8.95183046471841;45.9103224405496;infoflora
Danthonia alpina Vest;8.9517796745789;45.9103501156646;infoflora
Danthonia alpina Vest;8.95173211557213;45.9104947087309;infoflora
Danthonia alpina Vest;8.95167759705821;45.9103874784453;infoflora
Danthonia alpina Vest;8.95163869660856;45.910379005238;infoflora
Danthonia alpina Vest;8.95156238689342;45.9104160209269;infoflora
Danthonia alpina Vest;8.95160625800048;45.9106043679744;infoflora
Danthonia alpina Vest;8.9515775076176;45.9104967906588;infoflora
Danthonia alpina Vest;8.95190652554095;45.9102764309892;infoflora
Danthonia alpina Vest;8.95146478226404;45.9106152699488;infoflora
Danthonia alpina Vest;8.9514395112252;45.9106336042725;infoflora
Danthonia alpina Vest;8.95144075375464;45.9106785727287;infoflora
Danthonia alpina Vest;8.95146701885512;45.9106962131693;infoflora
Danthonia alpina Vest;8.95149253842826;45.9106868725303;infoflora
Danthonia alpina Vest;8.95151731243669;45.9106505508123;infoflora
Danthonia alpina Vest;8.95154092206384;45.9115049515097;infoflora
Danthonia alpina Vest;8.95158914896592;45.9104516487196;infoflora
Danthonia alpina Vest;8.95221201070339;45.9101373606799;infoflora
Danthonia alpina Vest;8.95177619474235;45.9102242040041;infoflora
Danthonia alpina Vest;8.95179997410124;45.9101519074665;infoflora
Danthonia alpina Vest;8.95189041008059;45.9101596865453;infoflora
Danthonia alpina Vest;8.95191369209819;45.9100694026051;infoflora
Danthonia alpina Vest;8.95199049827955;45.9100503740577;infoflora
Danthonia alpina Vest;8.95201701185397;45.9100770080574;infoflora
Danthonia alpina Vest;8.95211958579352;45.9100576323476;infoflora
Danthonia alpina Vest;8.95189413875471;45.9102945918909;infoflora
Danthonia alpina Vest;8.95214634805368;45.9100932600059;infoflora
Danthonia alpina Vest;8.95197144244192;45.9102935507356;infoflora
Danthonia alpina Vest;8.95219987267851;45.9101645153039;infoflora
Danthonia alpina Vest;8.9521887291489;45.9102276446829;infoflora
Danthonia alpina Vest;8.95218947503025;45.9102546257501;infoflora
Danthonia alpina Vest;8.95204501707112;45.9101576041865;infoflora
Danthonia alpina Vest;8.9520071111151;45.9101851058644;infoflora
Danthonia alpina Vest;8.95193105050404;45.9102311154923;infoflora
Danthonia alpina Vest;8.95165630284048;45.910549711865;infoflora
Danthonia alpina Vest;8.95213321553644;45.9100844398666;infoflora
Danthonia alpina Vest;8.95148313356973;45.9108129576824;infoflora
Danthonia alpina Vest;8.95171032437355;45.9106389547822;infoflora
Danthonia alpina Vest;8.951685053406;45.9106572891613;infoflora
Danthonia alpina Vest;8.95170216277219;45.9108100084059;infoflora
Danthonia alpina Vest;8.95166400764842;45.9108285162794;infoflora
Danthonia alpina Vest;8.95153814917237;45.9109381754514;infoflora
Danthonia alpina Vest;8.95153665803431;45.9108842133034;infoflora
Danthonia alpina Vest;8.95158073848521;45.9106137086392;infoflora
Danthonia alpina Vest;8.95154680835348;45.910785109219;infoflora
Danthonia alpina Vest;8.95182628063802;45.9106373932191;infoflora
Danthonia alpina Vest;8.95145761393618;45.9108222983194;infoflora
Danthonia alpina Vest;8.95144547538496;45.9108494528643;infoflora
Danthonia alpina Vest;8.95140781714997;45.9108859480338;infoflora
Danthonia alpina Vest;8.9513837884557;45.9109492508038;infoflora
Danthonia alpina Vest;8.95137214683195;45.9109943927248;infoflora
Danthonia alpina Vest;8.9514883523743;45.9110018252025;infoflora
Danthonia alpina Vest;8.95143805844563;45.9110474875487;infoflora
Danthonia alpina Vest;8.95153566394389;45.9108482385384;infoflora
Danthonia alpina Vest;8.95205247519952;45.91042741487;infoflora
Danthonia alpina Vest;8.95175813212084;45.9105033554126;infoflora
Danthonia alpina Vest;8.95178340299281;45.9104850210174;infoflora
Danthonia alpina Vest;8.95180842528228;45.9104576929264;infoflora
Danthonia alpina Vest;8.95183344754676;45.9104303648299;infoflora
Danthonia alpina Vest;8.95184608295539;45.9104211976246;infoflora
Danthonia alpina Vest;8.95188448631136;45.9104116833802;infoflora
Danthonia alpina Vest;8.95192288965398;45.9104021691226;infoflora
Danthonia alpina Vest;8.95183792181114;45.9105922512532;infoflora
Danthonia alpina Vest;8.95201282886656;45.9103919607235;infoflora
Danthonia alpina Vest;8.95183891609567;45.9106282260144;infoflora
Danthonia alpina Vest;8.95204108284232;45.9104815505469;infoflora
Danthonia alpina Vest;8.95197740866318;45.9105093992896;infoflora
Danthonia alpina Vest;8.95190035325207;45.910519434139;infoflora
Danthonia alpina Vest;8.95190085041405;45.9105374215191;infoflora
Danthonia alpina Vest;8.95187682244321;45.9106007243918;infoflora
Danthonia alpina Vest;8.95182777205505;45.9106913553615;infoflora
Danthonia alpina Vest;8.95156955477098;45.910208992561;infoflora
Danthonia alpina Vest;8.95193527645505;45.9103840082175;infoflora
Danthonia alpina Vest;8.94823561193908;45.9112974906131;infoflora
Danthonia alpina Vest;8.94754307763443;45.9104880632097;infoflora
Danthonia alpina Vest;8.94816176809933;45.9109565955447;infoflora
Danthonia alpina Vest;8.94844472259227;45.9109347997386;infoflora
Danthonia alpina Vest;8.94812832297495;45.911145982495;infoflora
Danthonia alpina Vest;8.94797569655615;45.911220009057;infoflora
Danthonia alpina Vest;8.95180245973301;45.9102418443652;infoflora
Danthonia alpina Vest;8.94814567053534;45.9113076959883;infoflora
Danthonia alpina Vest;8.94857401843772;45.9095475196581;infoflora
Danthonia alpina Vest;8.94827575245786;45.9113509334948;infoflora
Danthonia alpina Vest;8.94817243081891;45.9113433245991;infoflora
Danthonia alpina Vest;8.9481211419555;45.9113530106645;infoflora
Danthonia alpina Vest;8.94808571277883;45.9114704480164;infoflora
Danthonia alpina Vest;8.94811197717739;45.9114880892434;infoflora
Danthonia alpina Vest;8.95391512696949;45.9078741421305;infoflora
Danthonia alpina Vest;8.94828739671143;45.9113057918932;infoflora
Danthonia alpina Vest;8.94798835031369;45.9121465332296;infoflora
Danthonia alpina Vest;8.95172200632294;45.9110616582528;infoflora
Danthonia alpina Vest;8.95116160045641;45.91177097237;infoflora
Danthonia alpina Vest;8.94819227933529;45.9125306660786;infoflora
Danthonia alpina Vest;8.94827850282082;45.9123855551603;infoflora
Danthonia alpina Vest;8.9483166601747;45.9123670484335;infoflora
Danthonia alpina Vest;8.94798141657666;45.9123625551193;infoflora
Danthonia alpina Vest;8.94782605944663;45.91233765078;infoflora
Danthonia alpina Vest;8.94863522712742;45.9098975812343;infoflora
Danthonia alpina Vest;8.94948618778306;45.9127112103687;infoflora
Danthonia alpina Vest;8.94905201245462;45.9109896170737;infoflora
Danthonia alpina Vest;8.94902599610266;45.9109809697647;infoflora
Danthonia alpina Vest;8.9491915045354;45.9109067685666;infoflora
Danthonia alpina Vest;8.94926905728798;45.9109147229678;infoflora
Danthonia alpina Vest;8.94961097106517;45.910694196792;infoflora
Danthonia alpina Vest;8.94856411099506;45.9096556171519;infoflora
Danthonia alpina Vest;8.95344361201878;45.9076015921135;infoflora
Danthonia alpina Vest;8.94802725145372;45.9121550077034;infoflora
Danthonia alpina Vest;8.95456128752046;45.9079374020633;infoflora
Danthonia alpina Vest;8.95351057286805;45.9081585056687;infoflora
Danthonia alpina Vest;8.95378983592425;45.9084696364095;infoflora
Danthonia alpina Vest;8.95378908927786;45.9084426553593;infoflora
Danthonia alpina Vest;8.95378087621572;45.9081458638139;infoflora
Danthonia alpina Vest;8.95395309012696;45.9083144850679;infoflora
Danthonia alpina Vest;8.95394269571809;45.9084045956543;infoflora
Danthonia alpina Vest;8.95366946211805;45.9087771589767;infoflora
Danthonia alpina Vest;8.95374278161448;45.9086322176585;infoflora
Danthonia alpina Vest;8.95372492061705;45.9084525177188;infoflora
Danthonia alpina Vest;8.95449469402413;45.9083251733043;infoflora
Danthonia alpina Vest;8.95124674772412;45.9106541935289;infoflora
Danthonia alpina Vest;8.95149821551812;45.9104258820161;infoflora
Danthonia alpina Vest;8.95152323792291;45.9103985539889;infoflora
Danthonia alpina Vest;8.95153537633544;45.9103713994372;infoflora
Danthonia alpina Vest;8.95141427821899;45.9111197840184;infoflora
Danthonia alpina Vest;8.95423970077997;45.907959734652;infoflora
Danthonia alpina Vest;8.95128046714161;45.9109416447677;infoflora
Danthonia alpina Vest;8.95169963678928;45.9102522260955;infoflora
Danthonia alpina Vest;8.95319390679011;45.9078928636855;infoflora
Danthonia alpina Vest;8.95071368669;45.9090868873921;infoflora
Danthonia alpina Vest;8.95095208568013;45.9097854474969;infoflora
Danthonia alpina Vest;8.95153803184125;45.909534639293;infoflora
Danthonia alpina Vest;8.95375815394314;45.9087219807615;infoflora
Danthonia alpina Vest;8.95112660327456;45.9109707071506;infoflora
Danthonia alpina Vest;8.95365372665386;45.9077427116591;infoflora
Danthonia alpina Vest;8.9512898724893;45.9108155596304;infoflora
Danthonia alpina Vest;8.95116227406362;45.910862262538;infoflora
Danthonia alpina Vest;8.95435614537343;45.9061137707822;infoflora
Danthonia alpina Vest;8.95525720477719;45.9060746198492;infoflora
Danthonia alpina Vest;8.95347869665347;45.9088697015329;infoflora
Danthonia alpina Vest;8.95202666395442;45.9099599165621;infoflora
Danthonia alpina Vest;8.95098444994482;45.9118903183661;infoflora
Danthonia alpina Vest;8.95201809267106;45.9110486736327;infoflora
Danthonia alpina Vest;8.95097231092171;45.9119174728637;infoflora
Danthonia alpina Vest;8.9515064942108;45.9116583647136;infoflora
Danthonia alpina Vest;8.95106001676054;45.9118263219825;infoflora
Danthonia alpina Vest;8.9510852884774;45.9118079877412;infoflora
Danthonia alpina Vest;8.95117523015631;45.9117977800115;infoflora
Danthonia alpina Vest;8.95072477624568;45.9118218368574;infoflora
Danthonia alpina Vest;8.95100997015717;45.9118809778354;infoflora
Danthonia alpina Vest;8.95102335136718;45.911898791802;infoflora
Danthonia alpina Vest;8.95103648414071;45.9119076120733;infoflora
Danthonia alpina Vest;8.9509978311488;45.9119081323358;infoflora
Danthonia alpina Vest;8.9517435899664;45.9113762639448;infoflora
Danthonia alpina Vest;8.95142591983471;45.9110746420923;infoflora
Danthonia alpina Vest;8.95199307021592;45.9110760017726;infoflora
Danthonia alpina Vest;8.95191651118206;45.9111040240149;infoflora
Danthonia alpina Vest;8.95191725694093;45.9111310050871;infoflora
Danthonia alpina Vest;8.95177901123342;45.9112588254388;infoflora
Danthonia alpina Vest;8.95179214397527;45.911267645621;infoflora
Danthonia alpina Vest;8.95173986159099;45.9112413585742;infoflora
Danthonia alpina Vest;8.95174284428986;45.9113492828705;infoflora
Danthonia alpina Vest;8.9514804771529;45.9116497179722;infoflora
Danthonia alpina Vest;8.95169354445732;45.9114309200992;infoflora
Danthonia alpina Vest;8.94769992302758;45.9110347755434;infoflora
Danthonia alpina Vest;8.95160285786944;45.9114141471681;infoflora
Danthonia alpina Vest;8.95192483591272;45.9100062732548;infoflora
Danthonia alpina Vest;8.95158206009583;45.9115943679806;infoflora
Danthonia alpina Vest;8.95162245264089;45.9116568033613;infoflora
Danthonia alpina Vest;8.9511380680113;45.9118522624816;infoflora
Danthonia alpina Vest;8.95174035870666;45.9112593459568;infoflora
Danthonia alpina Vest;8.94942325426104;45.912766038765;infoflora
Danthonia alpina Vest;8.9510743917778;45.911880110717;infoflora
Danthonia alpina Vest;8.95074191559177;45.9124424017836;infoflora
Danthonia alpina Vest;8.95079568909195;45.9125226514689;infoflora
Danthonia alpina Vest;8.95055908022319;45.9128227376702;infoflora
Danthonia alpina Vest;8.950560322078;45.9128677061494;infoflora
Danthonia alpina Vest;8.94921437200363;45.9126698796982;infoflora
Danthonia alpina Vest;8.94921437200363;45.9126698796982;infoflora
Danthonia alpina Vest;8.95070301382667;45.9124339282495;infoflora
Danthonia alpina Vest;8.94942300607723;45.9127570450668;infoflora
Danthonia alpina Vest;8.95089329956219;45.9123234029776;infoflora
Danthonia alpina Vest;8.94942350244493;45.9127750324633;infoflora
Danthonia alpina Vest;8.9494730550667;45.9127023899151;infoflora
Danthonia alpina Vest;8.94944753420911;45.9127117300975;infoflora
Danthonia alpina Vest;8.94938633789225;45.9128295143605;infoflora
Danthonia alpina Vest;8.94937270881203;45.9128027064983;infoflora
Danthonia alpina Vest;8.94941136245094;45.9128021867953;infoflora
Danthonia alpina Vest;8.94939723700603;45.9127573915397;infoflora
Danthonia alpina Vest;8.95102608424439;45.9119977224329;infoflora
Danthonia alpina Vest;8.952016849659;45.9110037051806;infoflora
Danthonia alpina Vest;8.95121512543862;45.9118422281538;infoflora
Danthonia alpina Vest;8.95122751280067;45.9118240673232;infoflora
Danthonia alpina Vest;8.95124288189765;45.9119138308091;infoflora
Danthonia alpina Vest;8.95121761018467;45.9119321650861;infoflora
Danthonia alpina Vest;8.95109199673012;45.9120508174674;infoflora
Danthonia alpina Vest;8.95107836700804;45.9120240098149;infoflora
Danthonia alpina Vest;8.95072878273744;45.9124335814771;infoflora
Danthonia alpina Vest;8.95106448884918;45.9119882084671;infoflora
Danthonia alpina Vest;8.95111304474921;45.9118795904283;infoflora
Danthonia alpina Vest;8.95079590474164;45.9120637996465;infoflora
Danthonia alpina Vest;8.95095967502119;45.9119266399725;infoflora
Danthonia alpina Vest;8.9510374779219;45.911943586848;infoflora
Danthonia alpina Vest;8.95094927499477;45.9120167503252;infoflora
Danthonia alpina Vest;8.95093688749676;45.9120349111255;infoflora
Danthonia alpina Vest;8.95082192188812;45.9120724465471;infoflora
Danthonia alpina Vest;8.95091409988207;45.9121431822754;infoflora
Danthonia alpina Vest;8.95107787010313;45.9120060224275;infoflora
Danthonia alpina Vest;8.95162241281367;45.9111889578987;infoflora
Danthonia alpina Vest;8.95139596495173;45.9113899417103;infoflora
Danthonia alpina Vest;8.95149854157183;45.9113705665648;infoflora
Danthonia alpina Vest;8.9515624655257;45.9113517117825;infoflora
Danthonia alpina Vest;8.95163877654576;45.9113146960892;infoflora
Danthonia alpina Vest;8.95166529056118;45.9113413301766;infoflora
Danthonia alpina Vest;8.95166379928697;45.9112873680274;infoflora
Danthonia alpina Vest;8.95199232442041;45.911049020701;infoflora
Danthonia alpina Vest;8.95159689302852;45.9111982985678;infoflora
Danthonia alpina Vest;8.95140118350952;45.9115788092494;infoflora
Danthonia alpina Vest;8.95160878304618;45.9111621503137;infoflora
Danthonia alpina Vest;8.9515946562252;45.9111173553443;infoflora
Danthonia alpina Vest;8.95159415915869;45.9110993679614;infoflora
Danthonia alpina Vest;8.9516067947619;45.9110902007822;infoflora
Danthonia alpina Vest;8.95163206595562;45.9110718664197;infoflora
Danthonia alpina Vest;8.9516551002455;45.9109725888307;infoflora
Danthonia alpina Vest;8.95187089856269;45.9108527212412;infoflora
Danthonia alpina Vest;8.95165066656108;45.9112785478301;infoflora
Danthonia alpina Vest;8.9512872131175;45.9116523199152;infoflora
Danthonia alpina Vest;8.94942499154996;45.9128289946527;infoflora
Danthonia alpina Vest;8.95141502373047;45.911146765094;infoflora
Danthonia alpina Vest;8.95145417320152;45.9111642320716;infoflora
Danthonia alpina Vest;8.95139521944639;45.9113629606337;infoflora
Danthonia alpina Vest;8.95139546794808;45.9113719543259;infoflora
Danthonia alpina Vest;8.9514690454589;45.9112360081346;infoflora
Danthonia alpina Vest;8.95140437609999;45.9112278817874;infoflora
Danthonia alpina Vest;8.9514125767286;45.9115246736295;infoflora
Danthonia alpina Vest;8.95137616050388;45.9116061372537;infoflora
Danthonia alpina Vest;8.95141357075018;45.911560648399;infoflora
Danthonia alpina Vest;8.95139571644986;45.9113809480181;infoflora
Danthonia alpina Vest;8.95131397561499;45.9116879477797;infoflora
Danthonia alpina Vest;8.95136501572981;45.9116692665632;infoflora
Danthonia alpina Vest;8.95139053577415;45.9116599259462;infoflora
Danthonia alpina Vest;8.95138979026787;45.9116329448685;infoflora
Danthonia alpina Vest;8.95141506178497;45.9116146105535;infoflora
Danthonia alpina Vest;8.9518880085083;45.9110054404618;infoflora
Danthonia alpina Vest;8.95133995525224;45.9112287490951;infoflora
Danthonia alpina Vest;8.9520066570364;45.9106349638831;infoflora
Danthonia alpina Vest;8.95193879920138;45.9109777652953;infoflora
Danthonia alpina Vest;8.95176633456122;45.9108001471997;infoflora
Danthonia alpina Vest;8.95182926347498;45.9107453175042;infoflora
Danthonia alpina Vest;8.95188079969201;45.9107446234364;infoflora
Danthonia alpina Vest;8.95189343516529;45.9107354562254;infoflora
Danthonia alpina Vest;8.95189268942346;45.9107084751545;infoflora
Danthonia alpina Vest;8.95191771176059;45.9106811470382;infoflora
Danthonia alpina Vest;8.95174354910267;45.9109084185001;infoflora
Danthonia alpina Vest;8.95200516544451;45.9105810017435;infoflora
Danthonia alpina Vest;8.95174280343242;45.9108814374275;infoflora
Danthonia alpina Vest;8.95199451879916;45.9106621184868;infoflora
Danthonia alpina Vest;8.9520604306168;45.9107152129429;infoflora
Danthonia alpina Vest;8.95209982859994;45.9107416733844;infoflora
Danthonia alpina Vest;8.95206341391966;45.9108231372231;infoflora
Danthonia alpina Vest;8.95207704382552;45.9108499447517;infoflora
Danthonia alpina Vest;8.95205251870573;45.9108952602844;infoflora
Danthonia alpina Vest;8.95202873935696;45.9109675568829;infoflora
Danthonia alpina Vest;8.95196676199068;45.9105905160294;infoflora
Danthonia alpina Vest;8.95173414478409;45.9110345036772;infoflora
Danthonia alpina Vest;8.95142666535133;45.9111016231677;infoflora
Danthonia alpina Vest;8.95178642696806;45.9110607907259;infoflora
Danthonia alpina Vest;8.95176065871025;45.9110611377411;infoflora
Danthonia alpina Vest;8.95180080249859;45.9111145793619;infoflora
Danthonia alpina Vest;8.95177528277856;45.9111239200715;infoflora
Danthonia alpina Vest;8.9517623986348;45.9111240935785;infoflora
Danthonia alpina Vest;8.95168534231883;45.9111341282811;infoflora
Danthonia alpina Vest;8.95175668175475;45.910917238686;infoflora
Danthonia alpina Vest;8.9517351390083;45.9110704784415;infoflora
Danthonia alpina Vest;8.951926412267;45.9109959262023;infoflora
Danthonia alpina Vest;8.95178443845385;45.9109888411985;infoflora
Danthonia alpina Vest;8.95177130578012;45.9109800210157;infoflora
Danthonia alpina Vest;8.95174603467546;45.9109983554094;infoflora
Danthonia alpina Vest;8.95170713378106;45.910989882225;infoflora
Danthonia alpina Vest;8.95171927223365;45.9109627276512;infoflora
Danthonia alpina Vest;8.95171902368056;45.9109537339602;infoflora
Danthonia alpina Vest;8.95171827802179;45.9109267528873;infoflora
Danthonia alpina Vest;8.95171036495419;45.9111068002096;infoflora
Danthonia alpina Vest;8.95473267295999;45.9057488088701;infoflora
Danthonia alpina Vest;8.95453999268335;45.906237248886;infoflora
Danthonia alpina Vest;8.95455362266145;45.9062640560971;infoflora
Danthonia alpina Vest;8.9545672526529;45.9062908633067;infoflora
Danthonia alpina Vest;8.9545194555491;45.9064264637955;infoflora
Danthonia alpina Vest;8.95456874665595;45.9063448253808;infoflora
Danthonia alpina Vest;8.95458162966593;45.9063446515517;infoflora
Danthonia alpina Vest;8.95463415775102;45.9063799309362;infoflora
Danthonia alpina Vest;8.95466042181895;45.9063975706193;infoflora
Danthonia alpina Vest;8.95468668590382;45.9064152102963;infoflora
Danthonia alpina Vest;8.9546998179526;45.9064240301325;infoflora
Danthonia alpina Vest;8.95473896509514;45.9064414959531;infoflora
Danthonia alpina Vest;8.95533350594054;45.9060376016702;infoflora
Danthonia alpina Vest;8.95477704931032;45.9059551419157;infoflora
Danthonia alpina Vest;8.9545861117307;45.906506537776;infoflora
Danthonia alpina Vest;8.95471929204508;45.9057309953606;infoflora
Danthonia alpina Vest;8.95133282372117;45.911903622953;infoflora
Danthonia alpina Vest;8.95488378068689;45.9056208111115;infoflora
Danthonia alpina Vest;8.95474555582917;45.9057486350221;infoflora
Danthonia alpina Vest;8.95484787164784;45.9057202631522;infoflora
Danthonia alpina Vest;8.9548149509445;45.9059276393181;infoflora
Danthonia alpina Vest;8.95471394610562;45.9064688246827;infoflora
Danthonia alpina Vest;8.95504161272215;45.9057356424341;infoflora
Danthonia alpina Vest;8.95516328770656;45.9059409320045;infoflora
Danthonia alpina Vest;8.95419190312615;45.9062329479452;infoflora
Danthonia alpina Vest;8.95471021073727;45.9063339195004;infoflora
Danthonia alpina Vest;8.95427243740405;45.9063488230429;infoflora
Danthonia alpina Vest;8.95402268194235;45.906172251267;infoflora
Danthonia alpina Vest;8.95397115005729;45.9061729463182;infoflora
Danthonia alpina Vest;8.95430610728697;45.9061684280627;infoflora
Danthonia alpina Vest;8.9543199860926;45.9062042289813;infoflora
Danthonia alpina Vest;8.95429422013703;45.9062045765781;infoflora
Danthonia alpina Vest;8.95464305655907;45.906235858238;infoflora
Danthonia alpina Vest;8.95429795447139;45.9063394817715;infoflora
Danthonia alpina Vest;8.95461137980963;45.906488202754;infoflora
Danthonia alpina Vest;8.95423478415161;45.9063853191387;infoflora
Danthonia alpina Vest;8.95427592274113;45.9064747345599;infoflora
Danthonia alpina Vest;8.95430168882399;45.9064743869673;infoflora
Danthonia alpina Vest;8.95427791436945;45.9065466839991;infoflora
Danthonia alpina Vest;8.9544590241305;45.9065712317627;infoflora
Danthonia alpina Vest;8.95447240516597;45.9065890453052;infoflora
Danthonia alpina Vest;8.95448528823374;45.9065888714872;infoflora
Danthonia alpina Vest;8.95461611098384;45.9066590826597;infoflora
Danthonia alpina Vest;8.95458909978847;45.9066144619274;infoflora
Danthonia alpina Vest;8.95461337187941;45.9065601521875;infoflora
Danthonia alpina Vest;8.95457372668721;45.9065246989642;infoflora
Danthonia alpina Vest;8.95528272154871;45.9060652783543;infoflora
Danthonia alpina Vest;8.95428208401819;45.9062317314128;infoflora
Danthonia alpina Vest;8.94763403225101;45.9123852149426;infoflora
Danthonia alpina Vest;8.95339050194462;45.9089428668981;infoflora
Danthonia alpina Vest;8.95341602037201;45.908933525824;infoflora
Danthonia alpina Vest;8.95354485659761;45.9089317887895;infoflora
Danthonia alpina Vest;8.95349431745137;45.9089684583596;infoflora
Danthonia alpina Vest;8.95349232676662;45.9088965088826;infoflora
Danthonia alpina Vest;8.95351809399448;45.90889616147;infoflora
Danthonia alpina Vest;8.95355599829849;45.9088686592867;infoflora
Danthonia alpina Vest;8.95060962489608;45.9127860694028;infoflora
Danthonia alpina Vest;8.947830769931;45.9125085311037;infoflora
Danthonia alpina Vest;8.94784514195306;45.9125623202558;infoflora
Danthonia alpina Vest;8.94784142310816;45.9124274147362;infoflora
Danthonia alpina Vest;8.95539717320962;45.9060097510405;infoflora
Danthonia alpina Vest;8.94769820661901;45.9123753560592;infoflora
Danthonia alpina Vest;8.95346307591185;45.9087709447055;infoflora
Danthonia alpina Vest;8.9476345280274;45.9124032023459;infoflora
Danthonia alpina Vest;8.94764815615668;45.9124300104173;infoflora
Danthonia alpina Vest;8.94771233057468;45.9124201515257;infoflora
Danthonia alpina Vest;8.94777452167902;45.9123383429871;infoflora
Danthonia alpina Vest;8.94768581796113;45.9123935165015;infoflora
Danthonia alpina Vest;8.94763403225101;45.9123852149426;infoflora
Danthonia alpina Vest;8.94759562677185;45.9123947277358;infoflora
Danthonia alpina Vest;8.94753145236267;45.9124045865607;infoflora
Danthonia alpina Vest;8.94748090598053;45.9124412534406;infoflora
Danthonia alpina Vest;8.95134521105809;45.9118854621093;infoflora
Danthonia alpina Vest;8.95145633297911;45.9103094844568;infoflora
Danthonia alpina Vest;8.94768505576815;45.9109629989846;infoflora
Danthonia alpina Vest;8.9533238445472;45.9088627921808;infoflora
Danthonia alpina Vest;8.95525894856787;45.90613757559;infoflora
Danthonia alpina Vest;8.95495057300655;45.9066365751238;infoflora
Danthonia alpina Vest;8.95496395421799;45.9066543886081;infoflora
Danthonia alpina Vest;8.95492729746108;45.9067268596522;infoflora
Danthonia alpina Vest;8.95308945192589;45.9087759814268;infoflora
Danthonia alpina Vest;8.95315486497645;45.908811087856;infoflora
Danthonia alpina Vest;8.95320863845002;45.908891336346;infoflora
Danthonia alpina Vest;8.953248035676;45.9089177963779;infoflora
Danthonia alpina Vest;8.9534779501551;45.9088427204793;infoflora
Danthonia alpina Vest;8.9532985749404;45.9088811269188;infoflora
Danthonia alpina Vest;8.95343830404592;45.9088072668437;infoflora
Danthonia alpina Vest;8.95336174892566;45.9088352900633;infoflora
Danthonia alpina Vest;8.95336125129875;45.9088173026937;infoflora
Danthonia alpina Vest;8.95321853658055;45.9087832384518;infoflora
Danthonia alpina Vest;8.95316675344582;45.9087749394485;infoflora
Danthonia alpina Vest;8.95321405837776;45.9086213521229;infoflora
Danthonia alpina Vest;8.95321356080129;45.9086033647532;infoflora
Danthonia alpina Vest;8.9532858860743;45.9084224489985;infoflora
Danthonia alpina Vest;8.95333916174176;45.9084847100526;infoflora
Danthonia alpina Vest;8.95336617284019;45.908529331097;infoflora
Danthonia alpina Vest;8.95339293516516;45.9085649584507;infoflora
Danthonia alpina Vest;8.95339368161789;45.9085919395039;infoflora
Danthonia alpina Vest;8.95462612389823;45.905624288107;infoflora
Danthonia alpina Vest;8.95327380291541;45.9089174490213;infoflora
Danthonia alpina Vest;8.9538804591647;45.9080185623049;infoflora
Danthonia alpina Vest;8.95407078389782;45.9083758769672;infoflora
Danthonia alpina Vest;8.95369392740443;45.9082639978261;infoflora
Danthonia alpina Vest;8.9536733865813;45.9084532126331;infoflora
Danthonia alpina Vest;8.95371377919596;45.9085156472347;infoflora
Danthonia alpina Vest;8.95373039580984;45.9086503787588;infoflora
Danthonia alpina Vest;8.95372273856702;45.9088394198521;infoflora
Danthonia alpina Vest;8.95371234367879;45.9089295304235;infoflora
Danthonia alpina Vest;8.95381516375655;45.9089191468517;infoflora
Danthonia alpina Vest;8.95375765618695;45.908703993394;infoflora
Danthonia alpina Vest;8.95378193003053;45.9086496838184;infoflora
Danthonia alpina Vest;8.95374303048977;45.9086412113422;infoflora
Danthonia alpina Vest;8.95378460941484;45.9082807690604;infoflora
Danthonia alpina Vest;8.9535148590878;45.9087792435721;infoflora
Danthonia alpina Vest;8.95384230672364;45.9080370709119;infoflora
Danthonia alpina Vest;8.9535416216317;45.9088148708917;infoflora
Danthonia alpina Vest;8.9539476738759;45.9085844693161;infoflora
Danthonia alpina Vest;8.95396926934328;45.9088990744759;infoflora
Danthonia alpina Vest;8.95378939651971;45.9089194943325;infoflora
Danthonia alpina Vest;8.95369498042058;45.9087678178395;infoflora
Danthonia alpina Vest;8.95377078863495;45.9087128133417;infoflora
Danthonia alpina Vest;8.9537963068902;45.9087034721815;infoflora
Danthonia alpina Vest;8.95382207402529;45.9087031246992;infoflora
Danthonia alpina Vest;8.9538869896601;45.9087202433344;infoflora
Danthonia alpina Vest;8.95383545537429;45.908720938323;infoflora
Danthonia alpina Vest;8.95384933451846;45.9087567393125;infoflora
Danthonia alpina Vest;8.95387485278079;45.9087473981344;infoflora
Danthonia alpina Vest;8.95402821109433;45.9087003446274;infoflora
Danthonia alpina Vest;8.9537818717337;45.908181838546;infoflora
Danthonia alpina Vest;8.95131414971903;45.9107612505733;infoflora
Danthonia alpina Vest;8.95144568557336;45.9103906011448;infoflora
Danthonia alpina Vest;8.95147219904733;45.9104172352744;infoflora
Danthonia alpina Vest;8.95140827615401;45.9104360900032;infoflora
Danthonia alpina Vest;8.9510775513123;45.9110613377969;infoflora
Danthonia alpina Vest;8.95119425389128;45.9110867579641;infoflora
Danthonia alpina Vest;8.95118186668519;45.9111049187891;infoflora
Danthonia alpina Vest;8.95122126452386;45.9111313795401;infoflora
Danthonia alpina Vest;8.95124802672383;45.9111670074177;infoflora
Danthonia alpina Vest;8.95127354655389;45.911157666828;infoflora
Danthonia alpina Vest;8.95474605388361;45.905766622378;infoflora
Danthonia alpina Vest;8.95124405110864;45.9110231083427;infoflora
Danthonia alpina Vest;8.9537417281603;45.9081283976549;infoflora
Danthonia alpina Vest;8.95123659688601;45.9107532975844;infoflora
Danthonia alpina Vest;8.95132976714913;45.9108600077259;infoflora
Danthonia alpina Vest;8.95136245554077;45.9106436387531;infoflora
Danthonia alpina Vest;8.95123485757788;45.9106903417421;infoflora
Danthonia alpina Vest;8.95119744777833;45.910735830532;infoflora
Danthonia alpina Vest;8.95122396129863;45.9107624647215;infoflora
Danthonia alpina Vest;8.95065116457459;45.9114899370912;infoflora
Danthonia alpina Vest;8.95065066781485;45.9114719497032;infoflora
Danthonia alpina Vest;8.95068907211584;45.9114624358665;infoflora
Danthonia alpina Vest;8.95061797611291;45.9116883184927;infoflora
Danthonia alpina Vest;8.9505899722153;45.9116077219911;infoflora
Danthonia alpina Vest;8.95050819622013;45.9114468756976;infoflora
Danthonia alpina Vest;8.95046979189864;45.9114563894726;infoflora
Danthonia alpina Vest;8.95355475407146;45.9088236908649;infoflora
Danthonia alpina Vest;8.9512378392514;45.9107982660434;infoflora
Danthonia alpina Vest;8.95448049319845;45.9059501464489;infoflora
Danthonia alpina Vest;8.95454367306416;45.9077666959513;infoflora
Danthonia alpina Vest;8.95368175216402;45.9059609203418;infoflora
Danthonia alpina Vest;8.95434892542875;45.9058529540889;infoflora
Danthonia alpina Vest;8.95436155935913;45.9058437866061;infoflora
Danthonia alpina Vest;8.95414105660143;45.9057927789954;infoflora
Danthonia alpina Vest;8.9541665734319;45.9057834377546;infoflora
Danthonia alpina Vest;8.95439006380505;45.9059423694616;infoflora
Danthonia alpina Vest;8.9543633021124;45.9059067423586;infoflora
Danthonia alpina Vest;8.95445447838328;45.9059415004036;infoflora
Danthonia alpina Vest;8.95450849993484;45.9060307419181;infoflora
Danthonia alpina Vest;8.9545612117034;45.9056071699072;infoflora
Danthonia alpina Vest;8.95460135422914;45.9056606104865;infoflora
Danthonia alpina Vest;8.95464149683326;45.9057140510518;infoflora
Danthonia alpina Vest;8.95446120087753;45.9061843297352;infoflora
Danthonia alpina Vest;8.95443518595412;45.9061756836853;infoflora
Danthonia alpina Vest;8.95444732198457;45.9061485288342;infoflora
Danthonia alpina Vest;8.95472334277035;45.9063427393337;infoflora
Danthonia alpina Vest;8.95442852740714;45.9064006994801;infoflora
Danthonia alpina Vest;8.9543742566525;45.9063024642431;infoflora
Danthonia alpina Vest;8.95405665577973;45.9083310823243;infoflora
Danthonia alpina Vest;8.95132160432506;45.9110310613269;infoflora
Danthonia alpina Vest;8.95445373144312;45.9059145193673;infoflora
Danthonia alpina Vest;8.95420602957329;45.9081401296568;infoflora
Danthonia alpina Vest;8.95427909783422;45.9079861943188;infoflora
Danthonia alpina Vest;8.95413121833817;45.9082311091736;infoflora
Danthonia alpina Vest;8.95415822995738;45.908275730026;infoflora
Danthonia alpina Vest;8.95406113645146;45.9084929686137;infoflora
Danthonia alpina Vest;8.95448080646056;45.9064269852571;infoflora
Danthonia alpina Vest;8.95434059024575;45.9083452463999;infoflora
Danthonia alpina Vest;8.95413968225268;45.90853689438;infoflora
Danthonia alpina Vest;8.95431059083867;45.908192701407;infoflora
Danthonia alpina Vest;8.95433386802595;45.9081024169885;infoflora
Danthonia alpina Vest;8.95435963487471;45.9081020693828;infoflora
Danthonia alpina Vest;8.95442162591648;45.9084791087898;infoflora
Danthonia alpina Vest;8.95422961798728;45.9085266842076;infoflora
Danthonia alpina Vest;8.95442212388886;45.9084970961539;infoflora
Danthonia alpina Vest;8.9545471591139;45.9078926074847;infoflora
Danthonia alpina Vest;8.9545605405009;45.9079104210201;infoflora
Danthonia alpina Vest;8.95447857361544;45.908208429262;infoflora
Danthonia alpina Vest;8.95449021208349;45.9081632870356;infoflora
Danthonia alpina Vest;8.95451448496017;45.9081089773056;infoflora
Danthonia alpina Vest;8.95440992365875;45.9080564057457;infoflora
Danthonia alpina Vest;8.95448031657726;45.9082713850333;infoflora
Danthonia alpina Vest;8.95438365887582;45.9080387659999;infoflora
Heteropogon contortus (L.) Roem. & Schult.;8.99182377317947;46.00343737211;infoflora
Heteropogon contortus (L.) Roem. & Schult.;8.73950886780087;46.1491268709098;infoflora
Heteropogon contortus (L.) Roem. & Schult.;8.99980525595365;46.0048834694905;infoflora
Heteropogon contortus (L.) Roem. & Schult.;8.73950886780087;46.1491268709098;infoflora
Heteropogon contortus (L.) Roem. & Schult.;8.74220400391967;46.1497795343054;infoflora
Heteropogon contortus (L.) Roem. & Schult.;8.99816438405741;46.0048432365032;infoflora
Heteropogon contortus (L.) Roem. & Schult.;8.99725326299405;46.0045859398635;infoflora
Heteropogon contortus (L.) Roem. & Schult.;8.73898843765974;46.1490159093299;infoflora
Heteropogon contortus (L.) Roem. & Schult.;9.05613929202168;46.2318229832715;infoflora
Heteropogon contortus (L.) Roem. & Schult.;8.99712497193319;46.0046147080873;infoflora
Heteropogon contortus (L.) Roem. & Schult.;8.75624190537888;46.1553745162151;infoflora
Heteropogon contortus (L.) Roem. & Schult.;8.75529838630468;46.1527584465365;infoflora
Heteropogon contortus (L.) Roem. & Schult.;9.05226279457972;46.2287652496242;infoflora
Heteropogon contortus (L.) Roem. & Schult.;8.99721480133605;46.0045954697154;infoflora
Heteropogon contortus (L.) Roem. & Schult.;8.88504283380017;45.9620886181323;infoflora
Heteropogon contortus (L.) Roem. & Schult.;8.73915988888726;46.1491488861119;infoflora
Heteropogon contortus (L.) Roem. & Schult.;8.99789053369159;46.0047480608993;infoflora
Heteropogon contortus (L.) Roem. & Schult.;8.7522998979628;46.1540349466939;infoflora
Heteropogon contortus (L.) Roem. & Schult.;8.75340713993788;46.1543189512286;infoflora
Heteropogon contortus (L.) Roem. & Schult.;8.7562309193436;46.1554556160807;infoflora
Heteropogon contortus (L.) Roem. & Schult.;8.99727907507276;46.0045855824177;infoflora
Heteropogon contortus (L.) Roem. & Schult.;9.04974642992005;46.2291610499592;infoflora
Heteropogon contortus (L.) Roem. & Schult.;8.73915645625658;46.1490049766842;infoflora
Heteropogon contortus (L.) Roem. & Schult.;9.04782149673123;46.2285136602264;infoflora
Heteropogon contortus (L.) Roem. & Schult.;9.05946983794455;46.2322071524968;infoflora
Heteropogon contortus (L.) Roem. & Schult.;9.05203679074149;46.2281386494486;infoflora
Heteropogon contortus (L.) Roem. & Schult.;8.99829472822419;46.0048864166303;infoflora
Heteropogon contortus (L.) Roem. & Schult.;8.75628160236319;46.155410040241;infoflora
Heteropogon contortus (L.) Roem. & Schult.;8.99796899648648;46.0047829628764;infoflora
Heteropogon contortus (L.) Roem. & Schult.;8.99733711124933;46.0048097098606;infoflora
Heteropogon contortus (L.) Roem. & Schult.;9.04945361104224;46.2289042957224;infoflora
Heteropogon contortus (L.) Roem. & Schult.;9.049531365461;46.2289031874876;infoflora
Heteropogon contortus (L.) Roem. & Schult.;9.00213157756248;46.1904751395067;infoflora
Heteropogon contortus (L.) Roem. & Schult.;8.88254441602628;45.9612750079384;infoflora
Heteropogon contortus (L.) Roem. & Schult.;8.99821498193984;46.0048065464187;infoflora
Heteropogon contortus (L.) Roem. & Schult.;8.75624494876084;46.1555004365649;infoflora
Heteropogon contortus (L.) Roem. & Schult.;9.02191497018979;46.0166670059321;infoflora
Heteropogon contortus (L.) Roem. & Schult.;8.73950886780087;46.1491268709098;infoflora
Heteropogon contortus (L.) Roem. & Schult.;8.74181125379959;46.1495951364016;infoflora
Heteropogon contortus (L.) Roem. & Schult.;9.05613153329176;46.2298166438969;infoflora
Heteropogon contortus (L.) Roem. & Schult.;8.88073928092315;45.9608213304024;infoflora
Heteropogon contortus (L.) Roem. & Schult.;8.88100559263396;45.9606469734812;infoflora
Heteropogon contortus (L.) Roem. & Schult.;9.01538126967932;46.0131148005905;infoflora
Heteropogon contortus (L.) Roem. & Schult.;9.01665438058551;46.0138257423495;infoflora
